[INFO] Scanning for projects...
[INFO] ------------------------------------------------------------------------
[INFO] Reactor Build Order:
[INFO] 
[INFO] iped-parent                                                        [pom]
[INFO] iped-api                                                           [jar]
[INFO] iped-utils                                                         [jar]
[INFO] iped-parsers                                                       [pom]
[INFO] java-dbf                                                           [jar]
[INFO] iped-parsers-impl                                                  [jar]
[INFO] 
[INFO] --------------------------< iped:iped-parent >--------------------------
[INFO] Building iped-parent 4.4.0-SNAPSHOT                                [1/6]
[INFO]   from pom.xml
[INFO] --------------------------------[ pom ]---------------------------------
[INFO] 
[INFO] ---------------------------< iped:iped-api >----------------------------
[INFO] Building iped-api 4.4.0-SNAPSHOT                                   [2/6]
[INFO]   from iped-api/pom.xml
[INFO] --------------------------------[ jar ]---------------------------------
[INFO] 
[INFO] --- resources:3.3.1:resources (default-resources) @ iped-api ---
[INFO] skip non existing resourceDirectory /private/tmp/iped-firefox-pr/iped-api/src/main/resources
[INFO] 
[INFO] --- compiler:3.10.1:compile (default-compile) @ iped-api ---
[INFO] Nothing to compile - all classes are up to date
[INFO] 
[INFO] --- resources:3.3.1:testResources (default-testResources) @ iped-api ---
[INFO] skip non existing resourceDirectory /private/tmp/iped-firefox-pr/iped-api/src/test/resources
[INFO] 
[INFO] --- compiler:3.10.1:testCompile (default-testCompile) @ iped-api ---
[INFO] No sources to compile
[INFO] 
[INFO] --- surefire:3.2.5:test (default-test) @ iped-api ---
[INFO] No tests to run.
[INFO] 
[INFO] --------------------------< iped:iped-utils >---------------------------
[INFO] Building iped-utils 4.4.0-SNAPSHOT                                 [3/6]
[INFO]   from iped-utils/pom.xml
[INFO] --------------------------------[ jar ]---------------------------------
[INFO] 
[INFO] --- resources:3.3.1:resources (default-resources) @ iped-utils ---
[INFO] Copying 3432 resources from src/main/resources to target/classes
[INFO] 
[INFO] --- compiler:3.10.1:compile (default-compile) @ iped-utils ---
[INFO] Nothing to compile - all classes are up to date
[INFO] 
[INFO] --- resources:3.3.1:testResources (default-testResources) @ iped-utils ---
[INFO] skip non existing resourceDirectory /private/tmp/iped-firefox-pr/iped-utils/src/test/resources
[INFO] 
[INFO] --- compiler:3.10.1:testCompile (default-testCompile) @ iped-utils ---
[INFO] No sources to compile
[INFO] 
[INFO] --- surefire:3.2.5:test (default-test) @ iped-utils ---
[INFO] No tests to run.
[INFO] 
[INFO] -------------------------< iped:iped-parsers >--------------------------
[INFO] Building iped-parsers 4.4.0-SNAPSHOT                               [4/6]
[INFO]   from iped-parsers/pom.xml
[INFO] --------------------------------[ pom ]---------------------------------
[INFO] 
[INFO] ---------------------------< iped:java-dbf >----------------------------
[INFO] Building java-dbf 1.0-patched                                      [5/6]
[INFO]   from iped-parsers/java-dbf/pom.xml
[INFO] --------------------------------[ jar ]---------------------------------
[INFO] 
[INFO] --- resources:3.3.1:resources (default-resources) @ java-dbf ---
[INFO] skip non existing resourceDirectory /private/tmp/iped-firefox-pr/iped-parsers/java-dbf/src/main/resources
[INFO] 
[INFO] --- compiler:3.10.1:compile (default-compile) @ java-dbf ---
[INFO] Nothing to compile - all classes are up to date
[INFO] 
[INFO] --- resources:3.3.1:testResources (default-testResources) @ java-dbf ---
[INFO] skip non existing resourceDirectory /private/tmp/iped-firefox-pr/iped-parsers/java-dbf/src/test/resources
[INFO] 
[INFO] --- compiler:3.10.1:testCompile (default-testCompile) @ java-dbf ---
[INFO] No sources to compile
[INFO] 
[INFO] --- surefire:3.2.5:test (default-test) @ java-dbf ---
[INFO] No tests to run.
[INFO] 
[INFO] -----------------------< iped:iped-parsers-impl >-----------------------
[INFO] Building iped-parsers-impl 4.4.0-SNAPSHOT                          [6/6]
[INFO]   from iped-parsers/iped-parsers-impl/pom.xml
[INFO] --------------------------------[ jar ]---------------------------------
[WARNING] 1 problem was encountered while building the effective model for org.javassist:javassist:jar:3.19.0-GA during dependency collection step for project (use -X to see details)
[INFO] 
[INFO] --- jacoco:0.8.8:prepare-agent (default) @ iped-parsers-impl ---
[INFO] argLine set to -javaagent:/private/tmp/iped-contribution-tools/m2/org/jacoco/org.jacoco.agent/0.8.8/org.jacoco.agent-0.8.8-runtime.jar=destfile=/private/tmp/iped-firefox-pr/iped-parsers/iped-parsers-impl/target/jacoco.exec
[INFO] 
[INFO] --- resources:3.3.1:resources (default-resources) @ iped-parsers-impl ---
[INFO] Copying 65 resources from src/main/resources to target/classes
[INFO] 
[INFO] --- compiler:3.10.1:compile (default-compile) @ iped-parsers-impl ---
[INFO] Nothing to compile - all classes are up to date
[INFO] 
[INFO] --- resources:3.3.1:testResources (default-testResources) @ iped-parsers-impl ---
[INFO] Copying 122 resources from src/test/resources to target/test-classes
[INFO] 
[INFO] --- compiler:3.10.1:testCompile (default-testCompile) @ iped-parsers-impl ---
[INFO] Changes detected - recompiling the module!
[INFO] Compiling 72 source files to /private/tmp/iped-firefox-pr/iped-parsers/iped-parsers-impl/target/test-classes
[INFO] /private/tmp/iped-firefox-pr/iped-parsers/iped-parsers-impl/src/test/java/iped/parsers/util/BaseItemSearchContext.java: Some input files use or override a deprecated API.
[INFO] /private/tmp/iped-firefox-pr/iped-parsers/iped-parsers-impl/src/test/java/iped/parsers/util/BaseItemSearchContext.java: Recompile with -Xlint:deprecation for details.
[INFO] 
[INFO] --- surefire:3.2.5:test (default-test) @ iped-parsers-impl ---
[INFO] Using auto detected provider org.apache.maven.surefire.junit4.JUnit4Provider
[INFO] 
[INFO] -------------------------------------------------------
[INFO]  T E S T S
[INFO] -------------------------------------------------------
[INFO] Running iped.parsers.browsers.firefox.FirefoxSqliteParserTest
java.lang.instrument.IllegalClassFormatException: Error while instrumenting java/sql/SQLException with JaCoCo 0.8.8.202204050719/5dcf34a.
	at org.jacoco.agent.rt.internal_b6258fc.CoverageTransformer.transform(CoverageTransformer.java:94)
	at java.instrument/java.lang.instrument.ClassFileTransformer.transform(ClassFileTransformer.java:257)
	at java.instrument/sun.instrument.TransformerManager.transform(TransformerManager.java:188)
	at java.instrument/sun.instrument.InstrumentationImpl.transform(InstrumentationImpl.java:594)
	at java.base/java.lang.ClassLoader.defineClass2(Native Method)
	at java.base/java.lang.ClassLoader.defineClass(ClassLoader.java:1052)
	at java.base/java.security.SecureClassLoader.defineClass(SecureClassLoader.java:164)
	at java.base/jdk.internal.loader.BuiltinClassLoader.defineClass(BuiltinClassLoader.java:735)
	at java.base/jdk.internal.loader.BuiltinClassLoader.findClassInModuleOrNull(BuiltinClassLoader.java:678)
	at java.base/jdk.internal.loader.BuiltinClassLoader.loadClassOrNull(BuiltinClassLoader.java:604)
	at java.base/jdk.internal.loader.BuiltinClassLoader.loadClassOrNull(BuiltinClassLoader.java:639)
	at java.base/jdk.internal.loader.BuiltinClassLoader.loadClassOrNull(BuiltinClassLoader.java:608)
	at java.base/jdk.internal.loader.BuiltinClassLoader.loadClass(BuiltinClassLoader.java:578)
	at java.base/java.lang.ClassLoader.loadClass(ClassLoader.java:490)
	at iped.parsers.browsers.firefox.FirefoxSqliteParserTest.testFirefoxSqliteBookMarkParsing(FirefoxSqliteParserTest.java:113)
	at java.base/jdk.internal.reflect.DirectMethodHandleAccessor.invoke(DirectMethodHandleAccessor.java:104)
	at java.base/java.lang.reflect.Method.invoke(Method.java:565)
	at junit.framework.TestCase.runTest(TestCase.java:177)
	at junit.framework.TestCase.runBare(TestCase.java:142)
	at junit.framework.TestResult$1.protect(TestResult.java:122)
	at junit.framework.TestResult.runProtected(TestResult.java:142)
	at junit.framework.TestResult.run(TestResult.java:125)
	at junit.framework.TestCase.run(TestCase.java:130)
	at junit.framework.TestSuite.runTest(TestSuite.java:241)
	at junit.framework.TestSuite.run(TestSuite.java:236)
	at org.junit.internal.runners.JUnit38ClassRunner.run(JUnit38ClassRunner.java:90)
	at org.apache.maven.surefire.junit4.JUnit4Provider.execute(JUnit4Provider.java:316)
	at org.apache.maven.surefire.junit4.JUnit4Provider.executeWithRerun(JUnit4Provider.java:240)
	at org.apache.maven.surefire.junit4.JUnit4Provider.executeTestSet(JUnit4Provider.java:214)
	at org.apache.maven.surefire.junit4.JUnit4Provider.invoke(JUnit4Provider.java:155)
	at org.apache.maven.surefire.booter.ForkedBooter.runSuitesInProcess(ForkedBooter.java:385)
	at org.apache.maven.surefire.booter.ForkedBooter.execute(ForkedBooter.java:162)
	at org.apache.maven.surefire.booter.ForkedBooter.run(ForkedBooter.java:507)
	at org.apache.maven.surefire.booter.ForkedBooter.main(ForkedBooter.java:495)
Caused by: java.io.IOException: Error while instrumenting java/sql/SQLException with JaCoCo 0.8.8.202204050719/5dcf34a.
	at org.jacoco.agent.rt.internal_b6258fc.core.instr.Instrumenter.instrumentError(Instrumenter.java:161)
	at org.jacoco.agent.rt.internal_b6258fc.core.instr.Instrumenter.instrument(Instrumenter.java:111)
	at org.jacoco.agent.rt.internal_b6258fc.CoverageTransformer.transform(CoverageTransformer.java:92)
	... 33 more
Caused by: java.lang.IllegalArgumentException: Unsupported class file major version 68
	at org.jacoco.agent.rt.internal_b6258fc.asm.ClassReader.<init>(ClassReader.java:199)
	at org.jacoco.agent.rt.internal_b6258fc.asm.ClassReader.<init>(ClassReader.java:180)
	at org.jacoco.agent.rt.internal_b6258fc.asm.ClassReader.<init>(ClassReader.java:166)
	at org.jacoco.agent.rt.internal_b6258fc.core.internal.instr.InstrSupport.classReaderFor(InstrSupport.java:280)
	at org.jacoco.agent.rt.internal_b6258fc.core.instr.Instrumenter.instrument(Instrumenter.java:77)
	at org.jacoco.agent.rt.internal_b6258fc.core.instr.Instrumenter.instrument(Instrumenter.java:109)
	... 34 more
java.lang.instrument.IllegalClassFormatException: Error while instrumenting java/sql/Connection with JaCoCo 0.8.8.202204050719/5dcf34a.
	at org.jacoco.agent.rt.internal_b6258fc.CoverageTransformer.transform(CoverageTransformer.java:94)
	at java.instrument/java.lang.instrument.ClassFileTransformer.transform(ClassFileTransformer.java:257)
	at java.instrument/sun.instrument.TransformerManager.transform(TransformerManager.java:188)
	at java.instrument/sun.instrument.InstrumentationImpl.transform(InstrumentationImpl.java:594)
	at java.base/java.lang.ClassLoader.defineClass2(Native Method)
	at java.base/java.lang.ClassLoader.defineClass(ClassLoader.java:1052)
	at java.base/java.security.SecureClassLoader.defineClass(SecureClassLoader.java:164)
	at java.base/jdk.internal.loader.BuiltinClassLoader.defineClass(BuiltinClassLoader.java:735)
	at java.base/jdk.internal.loader.BuiltinClassLoader.findClassInModuleOrNull(BuiltinClassLoader.java:678)
	at java.base/jdk.internal.loader.BuiltinClassLoader.loadClassOrNull(BuiltinClassLoader.java:604)
	at java.base/jdk.internal.loader.BuiltinClassLoader.loadClassOrNull(BuiltinClassLoader.java:639)
	at java.base/jdk.internal.loader.BuiltinClassLoader.loadClassOrNull(BuiltinClassLoader.java:608)
	at java.base/jdk.internal.loader.BuiltinClassLoader.loadClass(BuiltinClassLoader.java:578)
	at java.base/java.lang.ClassLoader.loadClass(ClassLoader.java:490)
	at iped.parsers.browsers.firefox.FirefoxSqliteParserTest.testFirefoxSqliteBookMarkParsing(FirefoxSqliteParserTest.java:113)
	at java.base/jdk.internal.reflect.DirectMethodHandleAccessor.invoke(DirectMethodHandleAccessor.java:104)
	at java.base/java.lang.reflect.Method.invoke(Method.java:565)
	at junit.framework.TestCase.runTest(TestCase.java:177)
	at junit.framework.TestCase.runBare(TestCase.java:142)
	at junit.framework.TestResult$1.protect(TestResult.java:122)
	at junit.framework.TestResult.runProtected(TestResult.java:142)
	at junit.framework.TestResult.run(TestResult.java:125)
	at junit.framework.TestCase.run(TestCase.java:130)
	at junit.framework.TestSuite.runTest(TestSuite.java:241)
	at junit.framework.TestSuite.run(TestSuite.java:236)
	at org.junit.internal.runners.JUnit38ClassRunner.run(JUnit38ClassRunner.java:90)
	at org.apache.maven.surefire.junit4.JUnit4Provider.execute(JUnit4Provider.java:316)
	at org.apache.maven.surefire.junit4.JUnit4Provider.executeWithRerun(JUnit4Provider.java:240)
	at org.apache.maven.surefire.junit4.JUnit4Provider.executeTestSet(JUnit4Provider.java:214)
	at org.apache.maven.surefire.junit4.JUnit4Provider.invoke(JUnit4Provider.java:155)
	at org.apache.maven.surefire.booter.ForkedBooter.runSuitesInProcess(ForkedBooter.java:385)
	at org.apache.maven.surefire.booter.ForkedBooter.execute(ForkedBooter.java:162)
	at org.apache.maven.surefire.booter.ForkedBooter.run(ForkedBooter.java:507)
	at org.apache.maven.surefire.booter.ForkedBooter.main(ForkedBooter.java:495)
Caused by: java.io.IOException: Error while instrumenting java/sql/Connection with JaCoCo 0.8.8.202204050719/5dcf34a.
	at org.jacoco.agent.rt.internal_b6258fc.core.instr.Instrumenter.instrumentError(Instrumenter.java:161)
	at org.jacoco.agent.rt.internal_b6258fc.core.instr.Instrumenter.instrument(Instrumenter.java:111)
	at org.jacoco.agent.rt.internal_b6258fc.CoverageTransformer.transform(CoverageTransformer.java:92)
	... 33 more
Caused by: java.lang.IllegalArgumentException: Unsupported class file major version 68
	at org.jacoco.agent.rt.internal_b6258fc.asm.ClassReader.<init>(ClassReader.java:199)
	at org.jacoco.agent.rt.internal_b6258fc.asm.ClassReader.<init>(ClassReader.java:180)
	at org.jacoco.agent.rt.internal_b6258fc.asm.ClassReader.<init>(ClassReader.java:166)
	at org.jacoco.agent.rt.internal_b6258fc.core.internal.instr.InstrSupport.classReaderFor(InstrSupport.java:280)
	at org.jacoco.agent.rt.internal_b6258fc.core.instr.Instrumenter.instrument(Instrumenter.java:77)
	at org.jacoco.agent.rt.internal_b6258fc.core.instr.Instrumenter.instrument(Instrumenter.java:109)
	... 34 more
java.lang.instrument.IllegalClassFormatException: Error while instrumenting java/sql/Wrapper with JaCoCo 0.8.8.202204050719/5dcf34a.
	at org.jacoco.agent.rt.internal_b6258fc.CoverageTransformer.transform(CoverageTransformer.java:94)
	at java.instrument/java.lang.instrument.ClassFileTransformer.transform(ClassFileTransformer.java:257)
	at java.instrument/sun.instrument.TransformerManager.transform(TransformerManager.java:188)
	at java.instrument/sun.instrument.InstrumentationImpl.transform(InstrumentationImpl.java:594)
	at java.base/java.lang.ClassLoader.defineClass2(Native Method)
	at java.base/java.lang.ClassLoader.defineClass(ClassLoader.java:1052)
	at java.base/java.security.SecureClassLoader.defineClass(SecureClassLoader.java:164)
	at java.base/jdk.internal.loader.BuiltinClassLoader.defineClass(BuiltinClassLoader.java:735)
	at java.base/jdk.internal.loader.BuiltinClassLoader.findClassInModuleOrNull(BuiltinClassLoader.java:678)
	at java.base/jdk.internal.loader.BuiltinClassLoader.loadClassOrNull(BuiltinClassLoader.java:604)
	at java.base/jdk.internal.loader.BuiltinClassLoader.loadClass(BuiltinClassLoader.java:578)
	at java.base/java.lang.ClassLoader.loadClass(ClassLoader.java:490)
	at java.base/java.lang.ClassLoader.defineClass2(Native Method)
	at java.base/java.lang.ClassLoader.defineClass(ClassLoader.java:1052)
	at java.base/java.security.SecureClassLoader.defineClass(SecureClassLoader.java:164)
	at java.base/jdk.internal.loader.BuiltinClassLoader.defineClass(BuiltinClassLoader.java:735)
	at java.base/jdk.internal.loader.BuiltinClassLoader.findClassInModuleOrNull(BuiltinClassLoader.java:678)
	at java.base/jdk.internal.loader.BuiltinClassLoader.loadClassOrNull(BuiltinClassLoader.java:604)
	at java.base/jdk.internal.loader.BuiltinClassLoader.loadClassOrNull(BuiltinClassLoader.java:639)
	at java.base/jdk.internal.loader.BuiltinClassLoader.loadClassOrNull(BuiltinClassLoader.java:608)
	at java.base/jdk.internal.loader.BuiltinClassLoader.loadClass(BuiltinClassLoader.java:578)
	at java.base/java.lang.ClassLoader.loadClass(ClassLoader.java:490)
	at iped.parsers.browsers.firefox.FirefoxSqliteParserTest.testFirefoxSqliteBookMarkParsing(FirefoxSqliteParserTest.java:113)
	at java.base/jdk.internal.reflect.DirectMethodHandleAccessor.invoke(DirectMethodHandleAccessor.java:104)
	at java.base/java.lang.reflect.Method.invoke(Method.java:565)
	at junit.framework.TestCase.runTest(TestCase.java:177)
	at junit.framework.TestCase.runBare(TestCase.java:142)
	at junit.framework.TestResult$1.protect(TestResult.java:122)
	at junit.framework.TestResult.runProtected(TestResult.java:142)
	at junit.framework.TestResult.run(TestResult.java:125)
	at junit.framework.TestCase.run(TestCase.java:130)
	at junit.framework.TestSuite.runTest(TestSuite.java:241)
	at junit.framework.TestSuite.run(TestSuite.java:236)
	at org.junit.internal.runners.JUnit38ClassRunner.run(JUnit38ClassRunner.java:90)
	at org.apache.maven.surefire.junit4.JUnit4Provider.execute(JUnit4Provider.java:316)
	at org.apache.maven.surefire.junit4.JUnit4Provider.executeWithRerun(JUnit4Provider.java:240)
	at org.apache.maven.surefire.junit4.JUnit4Provider.executeTestSet(JUnit4Provider.java:214)
	at org.apache.maven.surefire.junit4.JUnit4Provider.invoke(JUnit4Provider.java:155)
	at org.apache.maven.surefire.booter.ForkedBooter.runSuitesInProcess(ForkedBooter.java:385)
	at org.apache.maven.surefire.booter.ForkedBooter.execute(ForkedBooter.java:162)
	at org.apache.maven.surefire.booter.ForkedBooter.run(ForkedBooter.java:507)
	at org.apache.maven.surefire.booter.ForkedBooter.main(ForkedBooter.java:495)
Caused by: java.io.IOException: Error while instrumenting java/sql/Wrapper with JaCoCo 0.8.8.202204050719/5dcf34a.
	at org.jacoco.agent.rt.internal_b6258fc.core.instr.Instrumenter.instrumentError(Instrumenter.java:161)
	at org.jacoco.agent.rt.internal_b6258fc.core.instr.Instrumenter.instrument(Instrumenter.java:111)
	at org.jacoco.agent.rt.internal_b6258fc.CoverageTransformer.transform(CoverageTransformer.java:92)
	... 41 more
Caused by: java.lang.IllegalArgumentException: Unsupported class file major version 68
	at org.jacoco.agent.rt.internal_b6258fc.asm.ClassReader.<init>(ClassReader.java:199)
	at org.jacoco.agent.rt.internal_b6258fc.asm.ClassReader.<init>(ClassReader.java:180)
	at org.jacoco.agent.rt.internal_b6258fc.asm.ClassReader.<init>(ClassReader.java:166)
	at org.jacoco.agent.rt.internal_b6258fc.core.internal.instr.InstrSupport.classReaderFor(InstrSupport.java:280)
	at org.jacoco.agent.rt.internal_b6258fc.core.instr.Instrumenter.instrument(Instrumenter.java:77)
	at org.jacoco.agent.rt.internal_b6258fc.core.instr.Instrumenter.instrument(Instrumenter.java:109)
	... 42 more
java.lang.instrument.IllegalClassFormatException: Error while instrumenting java/sql/Driver with JaCoCo 0.8.8.202204050719/5dcf34a.
	at org.jacoco.agent.rt.internal_b6258fc.CoverageTransformer.transform(CoverageTransformer.java:94)
	at java.instrument/java.lang.instrument.ClassFileTransformer.transform(ClassFileTransformer.java:257)
	at java.instrument/sun.instrument.TransformerManager.transform(TransformerManager.java:188)
	at java.instrument/sun.instrument.InstrumentationImpl.transform(InstrumentationImpl.java:594)
	at java.base/java.lang.ClassLoader.defineClass2(Native Method)
	at java.base/java.lang.ClassLoader.defineClass(ClassLoader.java:1052)
	at java.base/java.security.SecureClassLoader.defineClass(SecureClassLoader.java:164)
	at java.base/jdk.internal.loader.BuiltinClassLoader.defineClass(BuiltinClassLoader.java:735)
	at java.base/jdk.internal.loader.BuiltinClassLoader.findClassInModuleOrNull(BuiltinClassLoader.java:678)
	at java.base/jdk.internal.loader.BuiltinClassLoader.loadClassOrNull(BuiltinClassLoader.java:604)
	at java.base/jdk.internal.loader.BuiltinClassLoader.loadClassOrNull(BuiltinClassLoader.java:639)
	at java.base/jdk.internal.loader.BuiltinClassLoader.loadClassOrNull(BuiltinClassLoader.java:608)
	at java.base/jdk.internal.loader.BuiltinClassLoader.loadClass(BuiltinClassLoader.java:578)
	at java.base/java.lang.ClassLoader.loadClass(ClassLoader.java:490)
	at java.base/java.lang.ClassLoader.defineClass1(Native Method)
	at java.base/java.lang.ClassLoader.defineClass(ClassLoader.java:962)
	at java.base/java.security.SecureClassLoader.defineClass(SecureClassLoader.java:132)
	at java.base/jdk.internal.loader.BuiltinClassLoader.defineClass(BuiltinClassLoader.java:776)
	at java.base/jdk.internal.loader.BuiltinClassLoader.findClassOnClassPathOrNull(BuiltinClassLoader.java:691)
	at java.base/jdk.internal.loader.BuiltinClassLoader.loadClassOrNull(BuiltinClassLoader.java:620)
	at java.base/jdk.internal.loader.BuiltinClassLoader.loadClass(BuiltinClassLoader.java:578)
	at java.base/java.lang.ClassLoader.loadClass(ClassLoader.java:490)
	at java.base/java.lang.Class.forName0(Native Method)
	at java.base/java.lang.Class.forName(Class.java:463)
	at java.base/java.lang.Class.forName(Class.java:454)
	at iped.parsers.sqlite.SQLite3Parser.<init>(SQLite3Parser.java:64)
	at iped.parsers.browsers.firefox.FirefoxSqliteParser.<init>(FirefoxSqliteParser.java:75)
	at iped.parsers.browsers.firefox.FirefoxSqliteParserTest.testFirefoxSqliteBookMarkParsing(FirefoxSqliteParserTest.java:113)
	at java.base/jdk.internal.reflect.DirectMethodHandleAccessor.invoke(DirectMethodHandleAccessor.java:104)
	at java.base/java.lang.reflect.Method.invoke(Method.java:565)
	at junit.framework.TestCase.runTest(TestCase.java:177)
	at junit.framework.TestCase.runBare(TestCase.java:142)
	at junit.framework.TestResult$1.protect(TestResult.java:122)
	at junit.framework.TestResult.runProtected(TestResult.java:142)
	at junit.framework.TestResult.run(TestResult.java:125)
	at junit.framework.TestCase.run(TestCase.java:130)
	at junit.framework.TestSuite.runTest(TestSuite.java:241)
	at junit.framework.TestSuite.run(TestSuite.java:236)
	at org.junit.internal.runners.JUnit38ClassRunner.run(JUnit38ClassRunner.java:90)
	at org.apache.maven.surefire.junit4.JUnit4Provider.execute(JUnit4Provider.java:316)
	at org.apache.maven.surefire.junit4.JUnit4Provider.executeWithRerun(JUnit4Provider.java:240)
	at org.apache.maven.surefire.junit4.JUnit4Provider.executeTestSet(JUnit4Provider.java:214)
	at org.apache.maven.surefire.junit4.JUnit4Provider.invoke(JUnit4Provider.java:155)
	at org.apache.maven.surefire.booter.ForkedBooter.runSuitesInProcess(ForkedBooter.java:385)
	at org.apache.maven.surefire.booter.ForkedBooter.execute(ForkedBooter.java:162)
	at org.apache.maven.surefire.booter.ForkedBooter.run(ForkedBooter.java:507)
	at org.apache.maven.surefire.booter.ForkedBooter.main(ForkedBooter.java:495)
Caused by: java.io.IOException: Error while instrumenting java/sql/Driver with JaCoCo 0.8.8.202204050719/5dcf34a.
	at org.jacoco.agent.rt.internal_b6258fc.core.instr.Instrumenter.instrumentError(Instrumenter.java:161)
	at org.jacoco.agent.rt.internal_b6258fc.core.instr.Instrumenter.instrument(Instrumenter.java:111)
	at org.jacoco.agent.rt.internal_b6258fc.CoverageTransformer.transform(CoverageTransformer.java:92)
	... 46 more
Caused by: java.lang.IllegalArgumentException: Unsupported class file major version 68
	at org.jacoco.agent.rt.internal_b6258fc.asm.ClassReader.<init>(ClassReader.java:199)
	at org.jacoco.agent.rt.internal_b6258fc.asm.ClassReader.<init>(ClassReader.java:180)
	at org.jacoco.agent.rt.internal_b6258fc.asm.ClassReader.<init>(ClassReader.java:166)
	at org.jacoco.agent.rt.internal_b6258fc.core.internal.instr.InstrSupport.classReaderFor(InstrSupport.java:280)
	at org.jacoco.agent.rt.internal_b6258fc.core.instr.Instrumenter.instrument(Instrumenter.java:77)
	at org.jacoco.agent.rt.internal_b6258fc.core.instr.Instrumenter.instrument(Instrumenter.java:109)
	... 47 more
java.lang.instrument.IllegalClassFormatException: Error while instrumenting sun/util/resources/cldr/provider/CLDRLocaleDataMetaInfo with JaCoCo 0.8.8.202204050719/5dcf34a.
	at org.jacoco.agent.rt.internal_b6258fc.CoverageTransformer.transform(CoverageTransformer.java:94)
	at java.instrument/java.lang.instrument.ClassFileTransformer.transform(ClassFileTransformer.java:257)
	at java.instrument/sun.instrument.TransformerManager.transform(TransformerManager.java:188)
	at java.instrument/sun.instrument.InstrumentationImpl.transform(InstrumentationImpl.java:594)
	at java.base/java.lang.ClassLoader.defineClass2(Native Method)
	at java.base/java.lang.ClassLoader.defineClass(ClassLoader.java:1052)
	at java.base/java.security.SecureClassLoader.defineClass(SecureClassLoader.java:164)
	at java.base/jdk.internal.loader.BuiltinClassLoader.defineClass(BuiltinClassLoader.java:735)
	at java.base/jdk.internal.loader.BuiltinClassLoader.findClassInModuleOrNull(BuiltinClassLoader.java:678)
	at java.base/jdk.internal.loader.BuiltinClassLoader.findClass(BuiltinClassLoader.java:560)
	at java.base/java.lang.ClassLoader.loadClass(ClassLoader.java:602)
	at java.base/java.lang.Class.forName(Class.java:595)
	at java.base/java.util.ServiceLoader.loadProvider(ServiceLoader.java:755)
	at java.base/java.util.ServiceLoader$ModuleServicesLookupIterator.hasNext(ServiceLoader.java:955)
	at java.base/java.util.ServiceLoader$1.hasNext(ServiceLoader.java:1164)
	at java.base/java.util.ServiceLoader$2.hasNext(ServiceLoader.java:1246)
	at java.base/sun.util.cldr.CLDRLocaleProviderAdapter.<init>(CLDRLocaleProviderAdapter.java:75)
	at java.base/jdk.internal.reflect.DirectConstructorHandleAccessor.newInstance(DirectConstructorHandleAccessor.java:62)
	at java.base/java.lang.reflect.Constructor.newInstanceWithCaller(Constructor.java:499)
	at java.base/java.lang.reflect.Constructor.newInstance(Constructor.java:483)
	at java.base/sun.util.locale.provider.LocaleProviderAdapter.forType(LocaleProviderAdapter.java:181)
	at java.base/sun.util.locale.provider.LocaleProviderAdapter.findAdapter(LocaleProviderAdapter.java:280)
	at java.base/sun.util.locale.provider.LocaleProviderAdapter.getAdapter(LocaleProviderAdapter.java:251)
	at java.base/java.util.Calendar.createCalendar(Calendar.java:1692)
	at java.base/java.util.Calendar.getInstance(Calendar.java:1641)
	at org.apache.logging.log4j.core.util.datetime.FixedDateFormat.calcMidnightMillis(FixedDateFormat.java:547)
	at org.apache.logging.log4j.core.util.datetime.FixedDateFormat.updateMidnightMillis(FixedDateFormat.java:538)
	at org.apache.logging.log4j.core.util.datetime.FixedDateFormat.millisSinceMidnight(FixedDateFormat.java:529)
	at org.apache.logging.log4j.core.util.datetime.FixedDateFormat.format(FixedDateFormat.java:616)
	at org.apache.logging.log4j.core.util.datetime.FixedDateFormat.formatInstant(FixedDateFormat.java:590)
	at org.apache.logging.log4j.core.util.datetime.FixedDateFormat.formatInstant(FixedDateFormat.java:584)
	at org.apache.logging.log4j.core.pattern.DatePatternConverter$FixedFormatter.format(DatePatternConverter.java:100)
	at org.apache.logging.log4j.core.pattern.DatePatternConverter$CachedTime.<init>(DatePatternConverter.java:155)
	at org.apache.logging.log4j.core.pattern.DatePatternConverter.fromEpochMillis(DatePatternConverter.java:190)
	at org.apache.logging.log4j.core.pattern.DatePatternConverter.<init>(DatePatternConverter.java:184)
	at org.apache.logging.log4j.core.pattern.DatePatternConverter.newInstance(DatePatternConverter.java:208)
	at java.base/jdk.internal.reflect.DirectMethodHandleAccessor.invoke(DirectMethodHandleAccessor.java:104)
	at java.base/java.lang.reflect.Method.invoke(Method.java:565)
	at org.apache.logging.log4j.core.pattern.PatternParser.createConverter(PatternParser.java:590)
	at org.apache.logging.log4j.core.pattern.PatternParser.finalizeConverter(PatternParser.java:657)
	at org.apache.logging.log4j.core.pattern.PatternParser.parse(PatternParser.java:420)
	at org.apache.logging.log4j.core.pattern.PatternParser.parse(PatternParser.java:177)
	at org.apache.logging.log4j.core.layout.PatternLayout$SerializerBuilder.build(PatternLayout.java:474)
	at org.apache.logging.log4j.core.layout.PatternLayout.<init>(PatternLayout.java:140)
	at org.apache.logging.log4j.core.layout.PatternLayout.<init>(PatternLayout.java:61)
	at org.apache.logging.log4j.core.layout.PatternLayout$Builder.build(PatternLayout.java:770)
	at org.apache.logging.log4j.core.config.AbstractConfiguration.setToDefault(AbstractConfiguration.java:723)
	at org.apache.logging.log4j.core.config.DefaultConfiguration.<init>(DefaultConfiguration.java:47)
	at org.apache.logging.log4j.core.LoggerContext.<init>(LoggerContext.java:95)
	at org.apache.logging.log4j.core.selector.ClassLoaderContextSelector.createContext(ClassLoaderContextSelector.java:254)
	at org.apache.logging.log4j.core.selector.ClassLoaderContextSelector.locateContext(ClassLoaderContextSelector.java:218)
	at org.apache.logging.log4j.core.selector.ClassLoaderContextSelector.getContext(ClassLoaderContextSelector.java:136)
	at org.apache.logging.log4j.core.selector.ClassLoaderContextSelector.getContext(ClassLoaderContextSelector.java:123)
	at org.apache.logging.log4j.core.selector.ClassLoaderContextSelector.getContext(ClassLoaderContextSelector.java:117)
	at org.apache.logging.log4j.core.impl.Log4jContextFactory.getContext(Log4jContextFactory.java:150)
	at org.apache.logging.log4j.core.impl.Log4jContextFactory.getContext(Log4jContextFactory.java:47)
	at org.apache.logging.log4j.LogManager.getContext(LogManager.java:196)
	at org.apache.logging.log4j.spi.AbstractLoggerAdapter.getContext(AbstractLoggerAdapter.java:137)
	at org.apache.logging.slf4j.Log4jLoggerFactory.getContext(Log4jLoggerFactory.java:55)
	at org.apache.logging.log4j.spi.AbstractLoggerAdapter.getLogger(AbstractLoggerAdapter.java:47)
	at org.apache.logging.slf4j.Log4jLoggerFactory.getLogger(Log4jLoggerFactory.java:33)
	at org.slf4j.LoggerFactory.getLogger(LoggerFactory.java:358)
	at org.slf4j.LoggerFactory.getLogger(LoggerFactory.java:383)
	at org.sqlite.util.LoggerFactory$SLF4JLogger.<init>(LoggerFactory.java:78)
	at org.sqlite.util.LoggerFactory.getLogger(LoggerFactory.java:32)
	at org.sqlite.JDBC.<clinit>(JDBC.java:26)
	at java.base/java.lang.Class.forName0(Native Method)
	at java.base/java.lang.Class.forName(Class.java:463)
	at java.base/java.lang.Class.forName(Class.java:454)
	at iped.parsers.sqlite.SQLite3Parser.<init>(SQLite3Parser.java:64)
	at iped.parsers.browsers.firefox.FirefoxSqliteParser.<init>(FirefoxSqliteParser.java:75)
	at iped.parsers.browsers.firefox.FirefoxSqliteParserTest.testFirefoxSqliteBookMarkParsing(FirefoxSqliteParserTest.java:113)
	at java.base/jdk.internal.reflect.DirectMethodHandleAccessor.invoke(DirectMethodHandleAccessor.java:104)
	at java.base/java.lang.reflect.Method.invoke(Method.java:565)
	at junit.framework.TestCase.runTest(TestCase.java:177)
	at junit.framework.TestCase.runBare(TestCase.java:142)
	at junit.framework.TestResult$1.protect(TestResult.java:122)
	at junit.framework.TestResult.runProtected(TestResult.java:142)
	at junit.framework.TestResult.run(TestResult.java:125)
	at junit.framework.TestCase.run(TestCase.java:130)
	at junit.framework.TestSuite.runTest(TestSuite.java:241)
	at junit.framework.TestSuite.run(TestSuite.java:236)
	at org.junit.internal.runners.JUnit38ClassRunner.run(JUnit38ClassRunner.java:90)
	at org.apache.maven.surefire.junit4.JUnit4Provider.execute(JUnit4Provider.java:316)
	at org.apache.maven.surefire.junit4.JUnit4Provider.executeWithRerun(JUnit4Provider.java:240)
	at org.apache.maven.surefire.junit4.JUnit4Provider.executeTestSet(JUnit4Provider.java:214)
	at org.apache.maven.surefire.junit4.JUnit4Provider.invoke(JUnit4Provider.java:155)
	at org.apache.maven.surefire.booter.ForkedBooter.runSuitesInProcess(ForkedBooter.java:385)
	at org.apache.maven.surefire.booter.ForkedBooter.execute(ForkedBooter.java:162)
	at org.apache.maven.surefire.booter.ForkedBooter.run(ForkedBooter.java:507)
	at org.apache.maven.surefire.booter.ForkedBooter.main(ForkedBooter.java:495)
Caused by: java.io.IOException: Error while instrumenting sun/util/resources/cldr/provider/CLDRLocaleDataMetaInfo with JaCoCo 0.8.8.202204050719/5dcf34a.
	at org.jacoco.agent.rt.internal_b6258fc.core.instr.Instrumenter.instrumentError(Instrumenter.java:161)
	at org.jacoco.agent.rt.internal_b6258fc.core.instr.Instrumenter.instrument(Instrumenter.java:111)
	at org.jacoco.agent.rt.internal_b6258fc.CoverageTransformer.transform(CoverageTransformer.java:92)
	... 90 more
Caused by: java.lang.IllegalArgumentException: Unsupported class file major version 68
	at org.jacoco.agent.rt.internal_b6258fc.asm.ClassReader.<init>(ClassReader.java:199)
	at org.jacoco.agent.rt.internal_b6258fc.asm.ClassReader.<init>(ClassReader.java:180)
	at org.jacoco.agent.rt.internal_b6258fc.asm.ClassReader.<init>(ClassReader.java:166)
	at org.jacoco.agent.rt.internal_b6258fc.core.internal.instr.InstrSupport.classReaderFor(InstrSupport.java:280)
	at org.jacoco.agent.rt.internal_b6258fc.core.instr.Instrumenter.instrument(Instrumenter.java:77)
	at org.jacoco.agent.rt.internal_b6258fc.core.instr.Instrumenter.instrument(Instrumenter.java:109)
	... 91 more
java.lang.instrument.IllegalClassFormatException: Error while instrumenting javax/script/ScriptEngineManager with JaCoCo 0.8.8.202204050719/5dcf34a.
	at org.jacoco.agent.rt.internal_b6258fc.CoverageTransformer.transform(CoverageTransformer.java:94)
	at java.instrument/java.lang.instrument.ClassFileTransformer.transform(ClassFileTransformer.java:257)
	at java.instrument/sun.instrument.TransformerManager.transform(TransformerManager.java:188)
	at java.instrument/sun.instrument.InstrumentationImpl.transform(InstrumentationImpl.java:594)
	at java.base/java.lang.ClassLoader.defineClass2(Native Method)
	at java.base/java.lang.ClassLoader.defineClass(ClassLoader.java:1052)
	at java.base/java.security.SecureClassLoader.defineClass(SecureClassLoader.java:164)
	at java.base/jdk.internal.loader.BuiltinClassLoader.defineClass(BuiltinClassLoader.java:735)
	at java.base/jdk.internal.loader.BuiltinClassLoader.findClassInModuleOrNull(BuiltinClassLoader.java:678)
	at java.base/jdk.internal.loader.BuiltinClassLoader.loadClassOrNull(BuiltinClassLoader.java:604)
	at java.base/jdk.internal.loader.BuiltinClassLoader.loadClassOrNull(BuiltinClassLoader.java:639)
	at java.base/jdk.internal.loader.BuiltinClassLoader.loadClassOrNull(BuiltinClassLoader.java:608)
	at java.base/jdk.internal.loader.BuiltinClassLoader.loadClass(BuiltinClassLoader.java:578)
	at java.base/java.lang.ClassLoader.loadClass(ClassLoader.java:490)
	at org.apache.logging.log4j.core.script.ScriptManager.<init>(ScriptManager.java:70)
	at org.apache.logging.log4j.core.config.AbstractConfiguration.initialize(AbstractConfiguration.java:225)
	at org.apache.logging.log4j.core.config.AbstractConfiguration.start(AbstractConfiguration.java:293)
	at org.apache.logging.log4j.core.LoggerContext.setConfiguration(LoggerContext.java:626)
	at org.apache.logging.log4j.core.LoggerContext.reconfigure(LoggerContext.java:699)
	at org.apache.logging.log4j.core.LoggerContext.reconfigure(LoggerContext.java:716)
	at org.apache.logging.log4j.core.LoggerContext.start(LoggerContext.java:270)
	at org.apache.logging.log4j.core.impl.Log4jContextFactory.getContext(Log4jContextFactory.java:155)
	at org.apache.logging.log4j.core.impl.Log4jContextFactory.getContext(Log4jContextFactory.java:47)
	at org.apache.logging.log4j.LogManager.getContext(LogManager.java:196)
	at org.apache.logging.log4j.spi.AbstractLoggerAdapter.getContext(AbstractLoggerAdapter.java:137)
	at org.apache.logging.slf4j.Log4jLoggerFactory.getContext(Log4jLoggerFactory.java:55)
	at org.apache.logging.log4j.spi.AbstractLoggerAdapter.getLogger(AbstractLoggerAdapter.java:47)
	at org.apache.logging.slf4j.Log4jLoggerFactory.getLogger(Log4jLoggerFactory.java:33)
	at org.slf4j.LoggerFactory.getLogger(LoggerFactory.java:358)
	at org.slf4j.LoggerFactory.getLogger(LoggerFactory.java:383)
	at org.sqlite.util.LoggerFactory$SLF4JLogger.<init>(LoggerFactory.java:78)
	at org.sqlite.util.LoggerFactory.getLogger(LoggerFactory.java:32)
	at org.sqlite.JDBC.<clinit>(JDBC.java:26)
	at java.base/java.lang.Class.forName0(Native Method)
	at java.base/java.lang.Class.forName(Class.java:463)
	at java.base/java.lang.Class.forName(Class.java:454)
	at iped.parsers.sqlite.SQLite3Parser.<init>(SQLite3Parser.java:64)
	at iped.parsers.browsers.firefox.FirefoxSqliteParser.<init>(FirefoxSqliteParser.java:75)
	at iped.parsers.browsers.firefox.FirefoxSqliteParserTest.testFirefoxSqliteBookMarkParsing(FirefoxSqliteParserTest.java:113)
	at java.base/jdk.internal.reflect.DirectMethodHandleAccessor.invoke(DirectMethodHandleAccessor.java:104)
	at java.base/java.lang.reflect.Method.invoke(Method.java:565)
	at junit.framework.TestCase.runTest(TestCase.java:177)
	at junit.framework.TestCase.runBare(TestCase.java:142)
	at junit.framework.TestResult$1.protect(TestResult.java:122)
	at junit.framework.TestResult.runProtected(TestResult.java:142)
	at junit.framework.TestResult.run(TestResult.java:125)
	at junit.framework.TestCase.run(TestCase.java:130)
	at junit.framework.TestSuite.runTest(TestSuite.java:241)
	at junit.framework.TestSuite.run(TestSuite.java:236)
	at org.junit.internal.runners.JUnit38ClassRunner.run(JUnit38ClassRunner.java:90)
	at org.apache.maven.surefire.junit4.JUnit4Provider.execute(JUnit4Provider.java:316)
	at org.apache.maven.surefire.junit4.JUnit4Provider.executeWithRerun(JUnit4Provider.java:240)
	at org.apache.maven.surefire.junit4.JUnit4Provider.executeTestSet(JUnit4Provider.java:214)
	at org.apache.maven.surefire.junit4.JUnit4Provider.invoke(JUnit4Provider.java:155)
	at org.apache.maven.surefire.booter.ForkedBooter.runSuitesInProcess(ForkedBooter.java:385)
	at org.apache.maven.surefire.booter.ForkedBooter.execute(ForkedBooter.java:162)
	at org.apache.maven.surefire.booter.ForkedBooter.run(ForkedBooter.java:507)
	at org.apache.maven.surefire.booter.ForkedBooter.main(ForkedBooter.java:495)
Caused by: java.io.IOException: Error while instrumenting javax/script/ScriptEngineManager with JaCoCo 0.8.8.202204050719/5dcf34a.
	at org.jacoco.agent.rt.internal_b6258fc.core.instr.Instrumenter.instrumentError(Instrumenter.java:161)
	at org.jacoco.agent.rt.internal_b6258fc.core.instr.Instrumenter.instrument(Instrumenter.java:111)
	at org.jacoco.agent.rt.internal_b6258fc.CoverageTransformer.transform(CoverageTransformer.java:92)
	... 57 more
Caused by: java.lang.IllegalArgumentException: Unsupported class file major version 68
	at org.jacoco.agent.rt.internal_b6258fc.asm.ClassReader.<init>(ClassReader.java:199)
	at org.jacoco.agent.rt.internal_b6258fc.asm.ClassReader.<init>(ClassReader.java:180)
	at org.jacoco.agent.rt.internal_b6258fc.asm.ClassReader.<init>(ClassReader.java:166)
	at org.jacoco.agent.rt.internal_b6258fc.core.internal.instr.InstrSupport.classReaderFor(InstrSupport.java:280)
	at org.jacoco.agent.rt.internal_b6258fc.core.instr.Instrumenter.instrument(Instrumenter.java:77)
	at org.jacoco.agent.rt.internal_b6258fc.core.instr.Instrumenter.instrument(Instrumenter.java:109)
	... 58 more
java.lang.instrument.IllegalClassFormatException: Error while instrumenting javax/script/Bindings with JaCoCo 0.8.8.202204050719/5dcf34a.
	at org.jacoco.agent.rt.internal_b6258fc.CoverageTransformer.transform(CoverageTransformer.java:94)
	at java.instrument/java.lang.instrument.ClassFileTransformer.transform(ClassFileTransformer.java:257)
	at java.instrument/sun.instrument.TransformerManager.transform(TransformerManager.java:188)
	at java.instrument/sun.instrument.InstrumentationImpl.transform(InstrumentationImpl.java:594)
	at java.base/java.lang.ClassLoader.defineClass2(Native Method)
	at java.base/java.lang.ClassLoader.defineClass(ClassLoader.java:1052)
	at java.base/java.security.SecureClassLoader.defineClass(SecureClassLoader.java:164)
	at java.base/jdk.internal.loader.BuiltinClassLoader.defineClass(BuiltinClassLoader.java:735)
	at java.base/jdk.internal.loader.BuiltinClassLoader.findClassInModuleOrNull(BuiltinClassLoader.java:678)
	at java.base/jdk.internal.loader.BuiltinClassLoader.loadClassOrNull(BuiltinClassLoader.java:604)
	at java.base/jdk.internal.loader.BuiltinClassLoader.loadClass(BuiltinClassLoader.java:578)
	at java.base/java.lang.ClassLoader.loadClass(ClassLoader.java:490)
	at org.apache.logging.log4j.core.script.ScriptManager.<init>(ScriptManager.java:70)
	at org.apache.logging.log4j.core.config.AbstractConfiguration.initialize(AbstractConfiguration.java:225)
	at org.apache.logging.log4j.core.config.AbstractConfiguration.start(AbstractConfiguration.java:293)
	at org.apache.logging.log4j.core.LoggerContext.setConfiguration(LoggerContext.java:626)
	at org.apache.logging.log4j.core.LoggerContext.reconfigure(LoggerContext.java:699)
	at org.apache.logging.log4j.core.LoggerContext.reconfigure(LoggerContext.java:716)
	at org.apache.logging.log4j.core.LoggerContext.start(LoggerContext.java:270)
	at org.apache.logging.log4j.core.impl.Log4jContextFactory.getContext(Log4jContextFactory.java:155)
	at org.apache.logging.log4j.core.impl.Log4jContextFactory.getContext(Log4jContextFactory.java:47)
	at org.apache.logging.log4j.LogManager.getContext(LogManager.java:196)
	at org.apache.logging.log4j.spi.AbstractLoggerAdapter.getContext(AbstractLoggerAdapter.java:137)
	at org.apache.logging.slf4j.Log4jLoggerFactory.getContext(Log4jLoggerFactory.java:55)
	at org.apache.logging.log4j.spi.AbstractLoggerAdapter.getLogger(AbstractLoggerAdapter.java:47)
	at org.apache.logging.slf4j.Log4jLoggerFactory.getLogger(Log4jLoggerFactory.java:33)
	at org.slf4j.LoggerFactory.getLogger(LoggerFactory.java:358)
	at org.slf4j.LoggerFactory.getLogger(LoggerFactory.java:383)
	at org.sqlite.util.LoggerFactory$SLF4JLogger.<init>(LoggerFactory.java:78)
	at org.sqlite.util.LoggerFactory.getLogger(LoggerFactory.java:32)
	at org.sqlite.JDBC.<clinit>(JDBC.java:26)
	at java.base/java.lang.Class.forName0(Native Method)
	at java.base/java.lang.Class.forName(Class.java:463)
	at java.base/java.lang.Class.forName(Class.java:454)
	at iped.parsers.sqlite.SQLite3Parser.<init>(SQLite3Parser.java:64)
	at iped.parsers.browsers.firefox.FirefoxSqliteParser.<init>(FirefoxSqliteParser.java:75)
	at iped.parsers.browsers.firefox.FirefoxSqliteParserTest.testFirefoxSqliteBookMarkParsing(FirefoxSqliteParserTest.java:113)
	at java.base/jdk.internal.reflect.DirectMethodHandleAccessor.invoke(DirectMethodHandleAccessor.java:104)
	at java.base/java.lang.reflect.Method.invoke(Method.java:565)
	at junit.framework.TestCase.runTest(TestCase.java:177)
	at junit.framework.TestCase.runBare(TestCase.java:142)
	at junit.framework.TestResult$1.protect(TestResult.java:122)
	at junit.framework.TestResult.runProtected(TestResult.java:142)
	at junit.framework.TestResult.run(TestResult.java:125)
	at junit.framework.TestCase.run(TestCase.java:130)
	at junit.framework.TestSuite.runTest(TestSuite.java:241)
	at junit.framework.TestSuite.run(TestSuite.java:236)
	at org.junit.internal.runners.JUnit38ClassRunner.run(JUnit38ClassRunner.java:90)
	at org.apache.maven.surefire.junit4.JUnit4Provider.execute(JUnit4Provider.java:316)
	at org.apache.maven.surefire.junit4.JUnit4Provider.executeWithRerun(JUnit4Provider.java:240)
	at org.apache.maven.surefire.junit4.JUnit4Provider.executeTestSet(JUnit4Provider.java:214)
	at org.apache.maven.surefire.junit4.JUnit4Provider.invoke(JUnit4Provider.java:155)
	at org.apache.maven.surefire.booter.ForkedBooter.runSuitesInProcess(ForkedBooter.java:385)
	at org.apache.maven.surefire.booter.ForkedBooter.execute(ForkedBooter.java:162)
	at org.apache.maven.surefire.booter.ForkedBooter.run(ForkedBooter.java:507)
	at org.apache.maven.surefire.booter.ForkedBooter.main(ForkedBooter.java:495)
Caused by: java.io.IOException: Error while instrumenting javax/script/Bindings with JaCoCo 0.8.8.202204050719/5dcf34a.
	at org.jacoco.agent.rt.internal_b6258fc.core.instr.Instrumenter.instrumentError(Instrumenter.java:161)
	at org.jacoco.agent.rt.internal_b6258fc.core.instr.Instrumenter.instrument(Instrumenter.java:111)
	at org.jacoco.agent.rt.internal_b6258fc.CoverageTransformer.transform(CoverageTransformer.java:92)
	... 55 more
Caused by: java.lang.IllegalArgumentException: Unsupported class file major version 68
	at org.jacoco.agent.rt.internal_b6258fc.asm.ClassReader.<init>(ClassReader.java:199)
	at org.jacoco.agent.rt.internal_b6258fc.asm.ClassReader.<init>(ClassReader.java:180)
	at org.jacoco.agent.rt.internal_b6258fc.asm.ClassReader.<init>(ClassReader.java:166)
	at org.jacoco.agent.rt.internal_b6258fc.core.internal.instr.InstrSupport.classReaderFor(InstrSupport.java:280)
	at org.jacoco.agent.rt.internal_b6258fc.core.instr.Instrumenter.instrument(Instrumenter.java:77)
	at org.jacoco.agent.rt.internal_b6258fc.core.instr.Instrumenter.instrument(Instrumenter.java:109)
	... 56 more
java.lang.instrument.IllegalClassFormatException: Error while instrumenting javax/script/ScriptEngineFactory with JaCoCo 0.8.8.202204050719/5dcf34a.
	at org.jacoco.agent.rt.internal_b6258fc.CoverageTransformer.transform(CoverageTransformer.java:94)
	at java.instrument/java.lang.instrument.ClassFileTransformer.transform(ClassFileTransformer.java:257)
	at java.instrument/sun.instrument.TransformerManager.transform(TransformerManager.java:188)
	at java.instrument/sun.instrument.InstrumentationImpl.transform(InstrumentationImpl.java:594)
	at java.base/java.lang.ClassLoader.defineClass2(Native Method)
	at java.base/java.lang.ClassLoader.defineClass(ClassLoader.java:1052)
	at java.base/java.security.SecureClassLoader.defineClass(SecureClassLoader.java:164)
	at java.base/jdk.internal.loader.BuiltinClassLoader.defineClass(BuiltinClassLoader.java:735)
	at java.base/jdk.internal.loader.BuiltinClassLoader.findClassInModuleOrNull(BuiltinClassLoader.java:678)
	at java.base/jdk.internal.loader.BuiltinClassLoader.loadClassOrNull(BuiltinClassLoader.java:604)
	at java.base/jdk.internal.loader.BuiltinClassLoader.loadClass(BuiltinClassLoader.java:578)
	at java.base/java.lang.ClassLoader.loadClass(ClassLoader.java:490)
	at java.scripting/javax.script.ScriptEngineManager.<clinit>(ScriptEngineManager.java:311)
	at org.apache.logging.log4j.core.script.ScriptManager.<init>(ScriptManager.java:70)
	at org.apache.logging.log4j.core.config.AbstractConfiguration.initialize(AbstractConfiguration.java:225)
	at org.apache.logging.log4j.core.config.AbstractConfiguration.start(AbstractConfiguration.java:293)
	at org.apache.logging.log4j.core.LoggerContext.setConfiguration(LoggerContext.java:626)
	at org.apache.logging.log4j.core.LoggerContext.reconfigure(LoggerContext.java:699)
	at org.apache.logging.log4j.core.LoggerContext.reconfigure(LoggerContext.java:716)
	at org.apache.logging.log4j.core.LoggerContext.start(LoggerContext.java:270)
	at org.apache.logging.log4j.core.impl.Log4jContextFactory.getContext(Log4jContextFactory.java:155)
	at org.apache.logging.log4j.core.impl.Log4jContextFactory.getContext(Log4jContextFactory.java:47)
	at org.apache.logging.log4j.LogManager.getContext(LogManager.java:196)
	at org.apache.logging.log4j.spi.AbstractLoggerAdapter.getContext(AbstractLoggerAdapter.java:137)
	at org.apache.logging.slf4j.Log4jLoggerFactory.getContext(Log4jLoggerFactory.java:55)
	at org.apache.logging.log4j.spi.AbstractLoggerAdapter.getLogger(AbstractLoggerAdapter.java:47)
	at org.apache.logging.slf4j.Log4jLoggerFactory.getLogger(Log4jLoggerFactory.java:33)
	at org.slf4j.LoggerFactory.getLogger(LoggerFactory.java:358)
	at org.slf4j.LoggerFactory.getLogger(LoggerFactory.java:383)
	at org.sqlite.util.LoggerFactory$SLF4JLogger.<init>(LoggerFactory.java:78)
	at org.sqlite.util.LoggerFactory.getLogger(LoggerFactory.java:32)
	at org.sqlite.JDBC.<clinit>(JDBC.java:26)
	at java.base/java.lang.Class.forName0(Native Method)
	at java.base/java.lang.Class.forName(Class.java:463)
	at java.base/java.lang.Class.forName(Class.java:454)
	at iped.parsers.sqlite.SQLite3Parser.<init>(SQLite3Parser.java:64)
	at iped.parsers.browsers.firefox.FirefoxSqliteParser.<init>(FirefoxSqliteParser.java:75)
	at iped.parsers.browsers.firefox.FirefoxSqliteParserTest.testFirefoxSqliteBookMarkParsing(FirefoxSqliteParserTest.java:113)
	at java.base/jdk.internal.reflect.DirectMethodHandleAccessor.invoke(DirectMethodHandleAccessor.java:104)
	at java.base/java.lang.reflect.Method.invoke(Method.java:565)
	at junit.framework.TestCase.runTest(TestCase.java:177)
	at junit.framework.TestCase.runBare(TestCase.java:142)
	at junit.framework.TestResult$1.protect(TestResult.java:122)
	at junit.framework.TestResult.runProtected(TestResult.java:142)
	at junit.framework.TestResult.run(TestResult.java:125)
	at junit.framework.TestCase.run(TestCase.java:130)
	at junit.framework.TestSuite.runTest(TestSuite.java:241)
	at junit.framework.TestSuite.run(TestSuite.java:236)
	at org.junit.internal.runners.JUnit38ClassRunner.run(JUnit38ClassRunner.java:90)
	at org.apache.maven.surefire.junit4.JUnit4Provider.execute(JUnit4Provider.java:316)
	at org.apache.maven.surefire.junit4.JUnit4Provider.executeWithRerun(JUnit4Provider.java:240)
	at org.apache.maven.surefire.junit4.JUnit4Provider.executeTestSet(JUnit4Provider.java:214)
	at org.apache.maven.surefire.junit4.JUnit4Provider.invoke(JUnit4Provider.java:155)
	at org.apache.maven.surefire.booter.ForkedBooter.runSuitesInProcess(ForkedBooter.java:385)
	at org.apache.maven.surefire.booter.ForkedBooter.execute(ForkedBooter.java:162)
	at org.apache.maven.surefire.booter.ForkedBooter.run(ForkedBooter.java:507)
	at org.apache.maven.surefire.booter.ForkedBooter.main(ForkedBooter.java:495)
Caused by: java.io.IOException: Error while instrumenting javax/script/ScriptEngineFactory with JaCoCo 0.8.8.202204050719/5dcf34a.
	at org.jacoco.agent.rt.internal_b6258fc.core.instr.Instrumenter.instrumentError(Instrumenter.java:161)
	at org.jacoco.agent.rt.internal_b6258fc.core.instr.Instrumenter.instrument(Instrumenter.java:111)
	at org.jacoco.agent.rt.internal_b6258fc.CoverageTransformer.transform(CoverageTransformer.java:92)
	... 56 more
Caused by: java.lang.IllegalArgumentException: Unsupported class file major version 68
	at org.jacoco.agent.rt.internal_b6258fc.asm.ClassReader.<init>(ClassReader.java:199)
	at org.jacoco.agent.rt.internal_b6258fc.asm.ClassReader.<init>(ClassReader.java:180)
	at org.jacoco.agent.rt.internal_b6258fc.asm.ClassReader.<init>(ClassReader.java:166)
	at org.jacoco.agent.rt.internal_b6258fc.core.internal.instr.InstrSupport.classReaderFor(InstrSupport.java:280)
	at org.jacoco.agent.rt.internal_b6258fc.core.instr.Instrumenter.instrument(Instrumenter.java:77)
	at org.jacoco.agent.rt.internal_b6258fc.core.instr.Instrumenter.instrument(Instrumenter.java:109)
	... 57 more
java.lang.instrument.IllegalClassFormatException: Error while instrumenting javax/script/SimpleBindings with JaCoCo 0.8.8.202204050719/5dcf34a.
	at org.jacoco.agent.rt.internal_b6258fc.CoverageTransformer.transform(CoverageTransformer.java:94)
	at java.instrument/java.lang.instrument.ClassFileTransformer.transform(ClassFileTransformer.java:257)
	at java.instrument/sun.instrument.TransformerManager.transform(TransformerManager.java:188)
	at java.instrument/sun.instrument.InstrumentationImpl.transform(InstrumentationImpl.java:594)
	at java.base/java.lang.ClassLoader.defineClass2(Native Method)
	at java.base/java.lang.ClassLoader.defineClass(ClassLoader.java:1052)
	at java.base/java.security.SecureClassLoader.defineClass(SecureClassLoader.java:164)
	at java.base/jdk.internal.loader.BuiltinClassLoader.defineClass(BuiltinClassLoader.java:735)
	at java.base/jdk.internal.loader.BuiltinClassLoader.findClassInModuleOrNull(BuiltinClassLoader.java:678)
	at java.base/jdk.internal.loader.BuiltinClassLoader.loadClassOrNull(BuiltinClassLoader.java:604)
	at java.base/jdk.internal.loader.BuiltinClassLoader.loadClass(BuiltinClassLoader.java:578)
	at java.base/java.lang.ClassLoader.loadClass(ClassLoader.java:490)
	at java.scripting/javax.script.ScriptEngineManager.<init>(ScriptEngineManager.java:329)
	at java.scripting/javax.script.ScriptEngineManager.<init>(ScriptEngineManager.java:62)
	at org.apache.logging.log4j.core.script.ScriptManager.<init>(ScriptManager.java:70)
	at org.apache.logging.log4j.core.config.AbstractConfiguration.initialize(AbstractConfiguration.java:225)
	at org.apache.logging.log4j.core.config.AbstractConfiguration.start(AbstractConfiguration.java:293)
	at org.apache.logging.log4j.core.LoggerContext.setConfiguration(LoggerContext.java:626)
	at org.apache.logging.log4j.core.LoggerContext.reconfigure(LoggerContext.java:699)
	at org.apache.logging.log4j.core.LoggerContext.reconfigure(LoggerContext.java:716)
	at org.apache.logging.log4j.core.LoggerContext.start(LoggerContext.java:270)
	at org.apache.logging.log4j.core.impl.Log4jContextFactory.getContext(Log4jContextFactory.java:155)
	at org.apache.logging.log4j.core.impl.Log4jContextFactory.getContext(Log4jContextFactory.java:47)
	at org.apache.logging.log4j.LogManager.getContext(LogManager.java:196)
	at org.apache.logging.log4j.spi.AbstractLoggerAdapter.getContext(AbstractLoggerAdapter.java:137)
	at org.apache.logging.slf4j.Log4jLoggerFactory.getContext(Log4jLoggerFactory.java:55)
	at org.apache.logging.log4j.spi.AbstractLoggerAdapter.getLogger(AbstractLoggerAdapter.java:47)
	at org.apache.logging.slf4j.Log4jLoggerFactory.getLogger(Log4jLoggerFactory.java:33)
	at org.slf4j.LoggerFactory.getLogger(LoggerFactory.java:358)
	at org.slf4j.LoggerFactory.getLogger(LoggerFactory.java:383)
	at org.sqlite.util.LoggerFactory$SLF4JLogger.<init>(LoggerFactory.java:78)
	at org.sqlite.util.LoggerFactory.getLogger(LoggerFactory.java:32)
	at org.sqlite.JDBC.<clinit>(JDBC.java:26)
	at java.base/java.lang.Class.forName0(Native Method)
	at java.base/java.lang.Class.forName(Class.java:463)
	at java.base/java.lang.Class.forName(Class.java:454)
	at iped.parsers.sqlite.SQLite3Parser.<init>(SQLite3Parser.java:64)
	at iped.parsers.browsers.firefox.FirefoxSqliteParser.<init>(FirefoxSqliteParser.java:75)
	at iped.parsers.browsers.firefox.FirefoxSqliteParserTest.testFirefoxSqliteBookMarkParsing(FirefoxSqliteParserTest.java:113)
	at java.base/jdk.internal.reflect.DirectMethodHandleAccessor.invoke(DirectMethodHandleAccessor.java:104)
	at java.base/java.lang.reflect.Method.invoke(Method.java:565)
	at junit.framework.TestCase.runTest(TestCase.java:177)
	at junit.framework.TestCase.runBare(TestCase.java:142)
	at junit.framework.TestResult$1.protect(TestResult.java:122)
	at junit.framework.TestResult.runProtected(TestResult.java:142)
	at junit.framework.TestResult.run(TestResult.java:125)
	at junit.framework.TestCase.run(TestCase.java:130)
	at junit.framework.TestSuite.runTest(TestSuite.java:241)
	at junit.framework.TestSuite.run(TestSuite.java:236)
	at org.junit.internal.runners.JUnit38ClassRunner.run(JUnit38ClassRunner.java:90)
	at org.apache.maven.surefire.junit4.JUnit4Provider.execute(JUnit4Provider.java:316)
	at org.apache.maven.surefire.junit4.JUnit4Provider.executeWithRerun(JUnit4Provider.java:240)
	at org.apache.maven.surefire.junit4.JUnit4Provider.executeTestSet(JUnit4Provider.java:214)
	at org.apache.maven.surefire.junit4.JUnit4Provider.invoke(JUnit4Provider.java:155)
	at org.apache.maven.surefire.booter.ForkedBooter.runSuitesInProcess(ForkedBooter.java:385)
	at org.apache.maven.surefire.booter.ForkedBooter.execute(ForkedBooter.java:162)
	at org.apache.maven.surefire.booter.ForkedBooter.run(ForkedBooter.java:507)
	at org.apache.maven.surefire.booter.ForkedBooter.main(ForkedBooter.java:495)
Caused by: java.io.IOException: Error while instrumenting javax/script/SimpleBindings with JaCoCo 0.8.8.202204050719/5dcf34a.
	at org.jacoco.agent.rt.internal_b6258fc.core.instr.Instrumenter.instrumentError(Instrumenter.java:161)
	at org.jacoco.agent.rt.internal_b6258fc.core.instr.Instrumenter.instrument(Instrumenter.java:111)
	at org.jacoco.agent.rt.internal_b6258fc.CoverageTransformer.transform(CoverageTransformer.java:92)
	... 57 more
Caused by: java.lang.IllegalArgumentException: Unsupported class file major version 68
	at org.jacoco.agent.rt.internal_b6258fc.asm.ClassReader.<init>(ClassReader.java:199)
	at org.jacoco.agent.rt.internal_b6258fc.asm.ClassReader.<init>(ClassReader.java:180)
	at org.jacoco.agent.rt.internal_b6258fc.asm.ClassReader.<init>(ClassReader.java:166)
	at org.jacoco.agent.rt.internal_b6258fc.core.internal.instr.InstrSupport.classReaderFor(InstrSupport.java:280)
	at org.jacoco.agent.rt.internal_b6258fc.core.instr.Instrumenter.instrument(Instrumenter.java:77)
	at org.jacoco.agent.rt.internal_b6258fc.core.instr.Instrumenter.instrument(Instrumenter.java:109)
	... 58 more
java.lang.instrument.IllegalClassFormatException: Error while instrumenting java/sql/DriverManager with JaCoCo 0.8.8.202204050719/5dcf34a.
	at org.jacoco.agent.rt.internal_b6258fc.CoverageTransformer.transform(CoverageTransformer.java:94)
	at java.instrument/java.lang.instrument.ClassFileTransformer.transform(ClassFileTransformer.java:257)
	at java.instrument/sun.instrument.TransformerManager.transform(TransformerManager.java:188)
	at java.instrument/sun.instrument.InstrumentationImpl.transform(InstrumentationImpl.java:594)
	at java.base/java.lang.ClassLoader.defineClass2(Native Method)
	at java.base/java.lang.ClassLoader.defineClass(ClassLoader.java:1052)
	at java.base/java.security.SecureClassLoader.defineClass(SecureClassLoader.java:164)
	at java.base/jdk.internal.loader.BuiltinClassLoader.defineClass(BuiltinClassLoader.java:735)
	at java.base/jdk.internal.loader.BuiltinClassLoader.findClassInModuleOrNull(BuiltinClassLoader.java:678)
	at java.base/jdk.internal.loader.BuiltinClassLoader.loadClassOrNull(BuiltinClassLoader.java:604)
	at java.base/jdk.internal.loader.BuiltinClassLoader.loadClassOrNull(BuiltinClassLoader.java:639)
	at java.base/jdk.internal.loader.BuiltinClassLoader.loadClassOrNull(BuiltinClassLoader.java:608)
	at java.base/jdk.internal.loader.BuiltinClassLoader.loadClass(BuiltinClassLoader.java:578)
	at java.base/java.lang.ClassLoader.loadClass(ClassLoader.java:490)
	at org.sqlite.JDBC.<clinit>(JDBC.java:31)
	at java.base/java.lang.Class.forName0(Native Method)
	at java.base/java.lang.Class.forName(Class.java:463)
	at java.base/java.lang.Class.forName(Class.java:454)
	at iped.parsers.sqlite.SQLite3Parser.<init>(SQLite3Parser.java:64)
	at iped.parsers.browsers.firefox.FirefoxSqliteParser.<init>(FirefoxSqliteParser.java:75)
	at iped.parsers.browsers.firefox.FirefoxSqliteParserTest.testFirefoxSqliteBookMarkParsing(FirefoxSqliteParserTest.java:113)
	at java.base/jdk.internal.reflect.DirectMethodHandleAccessor.invoke(DirectMethodHandleAccessor.java:104)
	at java.base/java.lang.reflect.Method.invoke(Method.java:565)
	at junit.framework.TestCase.runTest(TestCase.java:177)
	at junit.framework.TestCase.runBare(TestCase.java:142)
	at junit.framework.TestResult$1.protect(TestResult.java:122)
	at junit.framework.TestResult.runProtected(TestResult.java:142)
	at junit.framework.TestResult.run(TestResult.java:125)
	at junit.framework.TestCase.run(TestCase.java:130)
	at junit.framework.TestSuite.runTest(TestSuite.java:241)
	at junit.framework.TestSuite.run(TestSuite.java:236)
	at org.junit.internal.runners.JUnit38ClassRunner.run(JUnit38ClassRunner.java:90)
	at org.apache.maven.surefire.junit4.JUnit4Provider.execute(JUnit4Provider.java:316)
	at org.apache.maven.surefire.junit4.JUnit4Provider.executeWithRerun(JUnit4Provider.java:240)
	at org.apache.maven.surefire.junit4.JUnit4Provider.executeTestSet(JUnit4Provider.java:214)
	at org.apache.maven.surefire.junit4.JUnit4Provider.invoke(JUnit4Provider.java:155)
	at org.apache.maven.surefire.booter.ForkedBooter.runSuitesInProcess(ForkedBooter.java:385)
	at org.apache.maven.surefire.booter.ForkedBooter.execute(ForkedBooter.java:162)
	at org.apache.maven.surefire.booter.ForkedBooter.run(ForkedBooter.java:507)
	at org.apache.maven.surefire.booter.ForkedBooter.main(ForkedBooter.java:495)
Caused by: java.io.IOException: Error while instrumenting java/sql/DriverManager with JaCoCo 0.8.8.202204050719/5dcf34a.
	at org.jacoco.agent.rt.internal_b6258fc.core.instr.Instrumenter.instrumentError(Instrumenter.java:161)
	at org.jacoco.agent.rt.internal_b6258fc.core.instr.Instrumenter.instrument(Instrumenter.java:111)
	at org.jacoco.agent.rt.internal_b6258fc.CoverageTransformer.transform(CoverageTransformer.java:92)
	... 39 more
Caused by: java.lang.IllegalArgumentException: Unsupported class file major version 68
	at org.jacoco.agent.rt.internal_b6258fc.asm.ClassReader.<init>(ClassReader.java:199)
	at org.jacoco.agent.rt.internal_b6258fc.asm.ClassReader.<init>(ClassReader.java:180)
	at org.jacoco.agent.rt.internal_b6258fc.asm.ClassReader.<init>(ClassReader.java:166)
	at org.jacoco.agent.rt.internal_b6258fc.core.internal.instr.InstrSupport.classReaderFor(InstrSupport.java:280)
	at org.jacoco.agent.rt.internal_b6258fc.core.instr.Instrumenter.instrument(Instrumenter.java:77)
	at org.jacoco.agent.rt.internal_b6258fc.core.instr.Instrumenter.instrument(Instrumenter.java:109)
	... 40 more
java.lang.instrument.IllegalClassFormatException: Error while instrumenting java/sql/DriverInfo with JaCoCo 0.8.8.202204050719/5dcf34a.
	at org.jacoco.agent.rt.internal_b6258fc.CoverageTransformer.transform(CoverageTransformer.java:94)
	at java.instrument/java.lang.instrument.ClassFileTransformer.transform(ClassFileTransformer.java:257)
	at java.instrument/sun.instrument.TransformerManager.transform(TransformerManager.java:188)
	at java.instrument/sun.instrument.InstrumentationImpl.transform(InstrumentationImpl.java:594)
	at java.base/java.lang.ClassLoader.defineClass2(Native Method)
	at java.base/java.lang.ClassLoader.defineClass(ClassLoader.java:1052)
	at java.base/java.security.SecureClassLoader.defineClass(SecureClassLoader.java:164)
	at java.base/jdk.internal.loader.BuiltinClassLoader.defineClass(BuiltinClassLoader.java:735)
	at java.base/jdk.internal.loader.BuiltinClassLoader.findClassInModuleOrNull(BuiltinClassLoader.java:678)
	at java.base/jdk.internal.loader.BuiltinClassLoader.loadClassOrNull(BuiltinClassLoader.java:604)
	at java.base/jdk.internal.loader.BuiltinClassLoader.loadClass(BuiltinClassLoader.java:578)
	at java.base/java.lang.ClassLoader.loadClass(ClassLoader.java:490)
	at java.sql/java.sql.DriverManager.registerDriver(DriverManager.java:312)
	at java.sql/java.sql.DriverManager.registerDriver(DriverManager.java:288)
	at org.sqlite.JDBC.<clinit>(JDBC.java:31)
	at java.base/java.lang.Class.forName0(Native Method)
	at java.base/java.lang.Class.forName(Class.java:463)
	at java.base/java.lang.Class.forName(Class.java:454)
	at iped.parsers.sqlite.SQLite3Parser.<init>(SQLite3Parser.java:64)
	at iped.parsers.browsers.firefox.FirefoxSqliteParser.<init>(FirefoxSqliteParser.java:75)
	at iped.parsers.browsers.firefox.FirefoxSqliteParserTest.testFirefoxSqliteBookMarkParsing(FirefoxSqliteParserTest.java:113)
	at java.base/jdk.internal.reflect.DirectMethodHandleAccessor.invoke(DirectMethodHandleAccessor.java:104)
	at java.base/java.lang.reflect.Method.invoke(Method.java:565)
	at junit.framework.TestCase.runTest(TestCase.java:177)
	at junit.framework.TestCase.runBare(TestCase.java:142)
	at junit.framework.TestResult$1.protect(TestResult.java:122)
	at junit.framework.TestResult.runProtected(TestResult.java:142)
	at junit.framework.TestResult.run(TestResult.java:125)
	at junit.framework.TestCase.run(TestCase.java:130)
	at junit.framework.TestSuite.runTest(TestSuite.java:241)
	at junit.framework.TestSuite.run(TestSuite.java:236)
	at org.junit.internal.runners.JUnit38ClassRunner.run(JUnit38ClassRunner.java:90)
	at org.apache.maven.surefire.junit4.JUnit4Provider.execute(JUnit4Provider.java:316)
	at org.apache.maven.surefire.junit4.JUnit4Provider.executeWithRerun(JUnit4Provider.java:240)
	at org.apache.maven.surefire.junit4.JUnit4Provider.executeTestSet(JUnit4Provider.java:214)
	at org.apache.maven.surefire.junit4.JUnit4Provider.invoke(JUnit4Provider.java:155)
	at org.apache.maven.surefire.booter.ForkedBooter.runSuitesInProcess(ForkedBooter.java:385)
	at org.apache.maven.surefire.booter.ForkedBooter.execute(ForkedBooter.java:162)
	at org.apache.maven.surefire.booter.ForkedBooter.run(ForkedBooter.java:507)
	at org.apache.maven.surefire.booter.ForkedBooter.main(ForkedBooter.java:495)
Caused by: java.io.IOException: Error while instrumenting java/sql/DriverInfo with JaCoCo 0.8.8.202204050719/5dcf34a.
	at org.jacoco.agent.rt.internal_b6258fc.core.instr.Instrumenter.instrumentError(Instrumenter.java:161)
	at org.jacoco.agent.rt.internal_b6258fc.core.instr.Instrumenter.instrument(Instrumenter.java:111)
	at org.jacoco.agent.rt.internal_b6258fc.CoverageTransformer.transform(CoverageTransformer.java:92)
	... 39 more
Caused by: java.lang.IllegalArgumentException: Unsupported class file major version 68
	at org.jacoco.agent.rt.internal_b6258fc.asm.ClassReader.<init>(ClassReader.java:199)
	at org.jacoco.agent.rt.internal_b6258fc.asm.ClassReader.<init>(ClassReader.java:180)
	at org.jacoco.agent.rt.internal_b6258fc.asm.ClassReader.<init>(ClassReader.java:166)
	at org.jacoco.agent.rt.internal_b6258fc.core.internal.instr.InstrSupport.classReaderFor(InstrSupport.java:280)
	at org.jacoco.agent.rt.internal_b6258fc.core.instr.Instrumenter.instrument(Instrumenter.java:77)
	at org.jacoco.agent.rt.internal_b6258fc.core.instr.Instrumenter.instrument(Instrumenter.java:109)
	... 40 more
java.lang.instrument.IllegalClassFormatException: Error while instrumenting sun/util/resources/provider/LocaleDataProvider with JaCoCo 0.8.8.202204050719/5dcf34a.
	at org.jacoco.agent.rt.internal_b6258fc.CoverageTransformer.transform(CoverageTransformer.java:94)
	at java.instrument/java.lang.instrument.ClassFileTransformer.transform(ClassFileTransformer.java:257)
	at java.instrument/sun.instrument.TransformerManager.transform(TransformerManager.java:188)
	at java.instrument/sun.instrument.InstrumentationImpl.transform(InstrumentationImpl.java:594)
	at java.base/java.lang.ClassLoader.defineClass2(Native Method)
	at java.base/java.lang.ClassLoader.defineClass(ClassLoader.java:1052)
	at java.base/java.security.SecureClassLoader.defineClass(SecureClassLoader.java:164)
	at java.base/jdk.internal.loader.BuiltinClassLoader.defineClass(BuiltinClassLoader.java:735)
	at java.base/jdk.internal.loader.BuiltinClassLoader.findClassInModuleOrNull(BuiltinClassLoader.java:678)
	at java.base/jdk.internal.loader.BuiltinClassLoader.findClass(BuiltinClassLoader.java:560)
	at java.base/java.lang.ClassLoader.loadClass(ClassLoader.java:602)
	at java.base/java.lang.Class.forName(Class.java:595)
	at java.base/java.util.ServiceLoader.loadProvider(ServiceLoader.java:755)
	at java.base/java.util.ServiceLoader$ModuleServicesLookupIterator.hasNext(ServiceLoader.java:955)
	at java.base/java.util.ServiceLoader$1.hasNext(ServiceLoader.java:1164)
	at java.base/java.util.ServiceLoader$2.hasNext(ServiceLoader.java:1246)
	at java.base/sun.util.resources.Bundles.loadBundleFromProviders(Bundles.java:261)
	at java.base/sun.util.resources.Bundles.findBundleOf(Bundles.java:199)
	at java.base/sun.util.resources.Bundles.findBundleOf(Bundles.java:158)
	at java.base/sun.util.resources.Bundles.findBundleOf(Bundles.java:158)
	at java.base/sun.util.resources.Bundles.loadBundleOf(Bundles.java:143)
	at java.base/sun.util.resources.Bundles.of(Bundles.java:104)
	at java.base/sun.util.resources.LocaleData.getBundle(LocaleData.java:179)
	at java.base/sun.util.resources.LocaleData.getNumberFormatData(LocaleData.java:175)
	at java.base/sun.util.locale.provider.LocaleResources.getNumberPatterns(LocaleResources.java:543)
	at java.base/sun.util.locale.provider.NumberFormatProviderImpl.getInstance(NumberFormatProviderImpl.java:184)
	at java.base/sun.util.locale.provider.NumberFormatProviderImpl.getIntegerInstance(NumberFormatProviderImpl.java:133)
	at java.base/java.text.NumberFormat.getInstance(NumberFormat.java:1124)
	at java.base/java.text.NumberFormat.getInstance(NumberFormat.java:1107)
	at java.base/java.text.NumberFormat.getIntegerInstance(NumberFormat.java:663)
	at java.base/java.text.SimpleDateFormat.initialize(SimpleDateFormat.java:662)
	at java.base/java.text.SimpleDateFormat.<init>(SimpleDateFormat.java:650)
	at org.apache.tika.utils.DateUtils.createDateFormat(DateUtils.java:61)
	at org.apache.tika.utils.DateUtils.loadDateFormats(DateUtils.java:125)
	at org.apache.tika.utils.DateUtils.<init>(DateUtils.java:58)
	at org.apache.tika.metadata.Metadata.<clinit>(Metadata.java:94)
	at iped.parsers.browsers.firefox.FirefoxSqliteParserTest.testFirefoxSqliteBookMarkParsing(FirefoxSqliteParserTest.java:114)
	at java.base/jdk.internal.reflect.DirectMethodHandleAccessor.invoke(DirectMethodHandleAccessor.java:104)
	at java.base/java.lang.reflect.Method.invoke(Method.java:565)
	at junit.framework.TestCase.runTest(TestCase.java:177)
	at junit.framework.TestCase.runBare(TestCase.java:142)
	at junit.framework.TestResult$1.protect(TestResult.java:122)
	at junit.framework.TestResult.runProtected(TestResult.java:142)
	at junit.framework.TestResult.run(TestResult.java:125)
	at junit.framework.TestCase.run(TestCase.java:130)
	at junit.framework.TestSuite.runTest(TestSuite.java:241)
	at junit.framework.TestSuite.run(TestSuite.java:236)
	at org.junit.internal.runners.JUnit38ClassRunner.run(JUnit38ClassRunner.java:90)
	at org.apache.maven.surefire.junit4.JUnit4Provider.execute(JUnit4Provider.java:316)
	at org.apache.maven.surefire.junit4.JUnit4Provider.executeWithRerun(JUnit4Provider.java:240)
	at org.apache.maven.surefire.junit4.JUnit4Provider.executeTestSet(JUnit4Provider.java:214)
	at org.apache.maven.surefire.junit4.JUnit4Provider.invoke(JUnit4Provider.java:155)
	at org.apache.maven.surefire.booter.ForkedBooter.runSuitesInProcess(ForkedBooter.java:385)
	at org.apache.maven.surefire.booter.ForkedBooter.execute(ForkedBooter.java:162)
	at org.apache.maven.surefire.booter.ForkedBooter.run(ForkedBooter.java:507)
	at org.apache.maven.surefire.booter.ForkedBooter.main(ForkedBooter.java:495)
Caused by: java.io.IOException: Error while instrumenting sun/util/resources/provider/LocaleDataProvider with JaCoCo 0.8.8.202204050719/5dcf34a.
	at org.jacoco.agent.rt.internal_b6258fc.core.instr.Instrumenter.instrumentError(Instrumenter.java:161)
	at org.jacoco.agent.rt.internal_b6258fc.core.instr.Instrumenter.instrument(Instrumenter.java:111)
	at org.jacoco.agent.rt.internal_b6258fc.CoverageTransformer.transform(CoverageTransformer.java:92)
	... 55 more
Caused by: java.lang.IllegalArgumentException: Unsupported class file major version 68
	at org.jacoco.agent.rt.internal_b6258fc.asm.ClassReader.<init>(ClassReader.java:199)
	at org.jacoco.agent.rt.internal_b6258fc.asm.ClassReader.<init>(ClassReader.java:180)
	at org.jacoco.agent.rt.internal_b6258fc.asm.ClassReader.<init>(ClassReader.java:166)
	at org.jacoco.agent.rt.internal_b6258fc.core.internal.instr.InstrSupport.classReaderFor(InstrSupport.java:280)
	at org.jacoco.agent.rt.internal_b6258fc.core.instr.Instrumenter.instrument(Instrumenter.java:77)
	at org.jacoco.agent.rt.internal_b6258fc.core.instr.Instrumenter.instrument(Instrumenter.java:109)
	... 56 more
java.lang.instrument.IllegalClassFormatException: Error while instrumenting sun/text/resources/cldr/ext/FormatData_en_001 with JaCoCo 0.8.8.202204050719/5dcf34a.
	at org.jacoco.agent.rt.internal_b6258fc.CoverageTransformer.transform(CoverageTransformer.java:94)
	at java.instrument/java.lang.instrument.ClassFileTransformer.transform(ClassFileTransformer.java:257)
	at java.instrument/sun.instrument.TransformerManager.transform(TransformerManager.java:188)
	at java.instrument/sun.instrument.InstrumentationImpl.transform(InstrumentationImpl.java:594)
	at java.base/java.lang.ClassLoader.defineClass2(Native Method)
	at java.base/java.lang.ClassLoader.defineClass(ClassLoader.java:1052)
	at java.base/java.security.SecureClassLoader.defineClass(SecureClassLoader.java:164)
	at java.base/jdk.internal.loader.BuiltinClassLoader.defineClass(BuiltinClassLoader.java:735)
	at java.base/jdk.internal.loader.BuiltinClassLoader.findClassInModuleOrNull(BuiltinClassLoader.java:678)
	at java.base/jdk.internal.loader.BuiltinClassLoader.findClass(BuiltinClassLoader.java:560)
	at java.base/java.lang.ClassLoader.loadClass(ClassLoader.java:602)
	at java.base/java.lang.Class.forName(Class.java:595)
	at jdk.localedata/sun.util.resources.provider.LocaleDataProvider.loadResourceBundle(LocaleDataProvider.java:53)
	at jdk.localedata/sun.util.resources.provider.LocaleDataProvider.getBundle(LocaleDataProvider.java:39)
	at java.base/sun.util.resources.Bundles.loadBundleFromProviders(Bundles.java:264)
	at java.base/sun.util.resources.Bundles.findBundleOf(Bundles.java:199)
	at java.base/sun.util.resources.Bundles.findBundleOf(Bundles.java:158)
	at java.base/sun.util.resources.Bundles.findBundleOf(Bundles.java:158)
	at java.base/sun.util.resources.Bundles.loadBundleOf(Bundles.java:143)
	at java.base/sun.util.resources.Bundles.of(Bundles.java:104)
	at java.base/sun.util.resources.LocaleData.getBundle(LocaleData.java:179)
	at java.base/sun.util.resources.LocaleData.getNumberFormatData(LocaleData.java:175)
	at java.base/sun.util.locale.provider.LocaleResources.getNumberPatterns(LocaleResources.java:543)
	at java.base/sun.util.locale.provider.NumberFormatProviderImpl.getInstance(NumberFormatProviderImpl.java:184)
	at java.base/sun.util.locale.provider.NumberFormatProviderImpl.getIntegerInstance(NumberFormatProviderImpl.java:133)
	at java.base/java.text.NumberFormat.getInstance(NumberFormat.java:1124)
	at java.base/java.text.NumberFormat.getInstance(NumberFormat.java:1107)
	at java.base/java.text.NumberFormat.getIntegerInstance(NumberFormat.java:663)
	at java.base/java.text.SimpleDateFormat.initialize(SimpleDateFormat.java:662)
	at java.base/java.text.SimpleDateFormat.<init>(SimpleDateFormat.java:650)
	at org.apache.tika.utils.DateUtils.createDateFormat(DateUtils.java:61)
	at org.apache.tika.utils.DateUtils.loadDateFormats(DateUtils.java:125)
	at org.apache.tika.utils.DateUtils.<init>(DateUtils.java:58)
	at org.apache.tika.metadata.Metadata.<clinit>(Metadata.java:94)
	at iped.parsers.browsers.firefox.FirefoxSqliteParserTest.testFirefoxSqliteBookMarkParsing(FirefoxSqliteParserTest.java:114)
	at java.base/jdk.internal.reflect.DirectMethodHandleAccessor.invoke(DirectMethodHandleAccessor.java:104)
	at java.base/java.lang.reflect.Method.invoke(Method.java:565)
	at junit.framework.TestCase.runTest(TestCase.java:177)
	at junit.framework.TestCase.runBare(TestCase.java:142)
	at junit.framework.TestResult$1.protect(TestResult.java:122)
	at junit.framework.TestResult.runProtected(TestResult.java:142)
	at junit.framework.TestResult.run(TestResult.java:125)
	at junit.framework.TestCase.run(TestCase.java:130)
	at junit.framework.TestSuite.runTest(TestSuite.java:241)
	at junit.framework.TestSuite.run(TestSuite.java:236)
	at org.junit.internal.runners.JUnit38ClassRunner.run(JUnit38ClassRunner.java:90)
	at org.apache.maven.surefire.junit4.JUnit4Provider.execute(JUnit4Provider.java:316)
	at org.apache.maven.surefire.junit4.JUnit4Provider.executeWithRerun(JUnit4Provider.java:240)
	at org.apache.maven.surefire.junit4.JUnit4Provider.executeTestSet(JUnit4Provider.java:214)
	at org.apache.maven.surefire.junit4.JUnit4Provider.invoke(JUnit4Provider.java:155)
	at org.apache.maven.surefire.booter.ForkedBooter.runSuitesInProcess(ForkedBooter.java:385)
	at org.apache.maven.surefire.booter.ForkedBooter.execute(ForkedBooter.java:162)
	at org.apache.maven.surefire.booter.ForkedBooter.run(ForkedBooter.java:507)
	at org.apache.maven.surefire.booter.ForkedBooter.main(ForkedBooter.java:495)
Caused by: java.io.IOException: Error while instrumenting sun/text/resources/cldr/ext/FormatData_en_001 with JaCoCo 0.8.8.202204050719/5dcf34a.
	at org.jacoco.agent.rt.internal_b6258fc.core.instr.Instrumenter.instrumentError(Instrumenter.java:161)
	at org.jacoco.agent.rt.internal_b6258fc.core.instr.Instrumenter.instrument(Instrumenter.java:111)
	at org.jacoco.agent.rt.internal_b6258fc.CoverageTransformer.transform(CoverageTransformer.java:92)
	... 53 more
Caused by: java.lang.IllegalArgumentException: Unsupported class file major version 68
	at org.jacoco.agent.rt.internal_b6258fc.asm.ClassReader.<init>(ClassReader.java:199)
	at org.jacoco.agent.rt.internal_b6258fc.asm.ClassReader.<init>(ClassReader.java:180)
	at org.jacoco.agent.rt.internal_b6258fc.asm.ClassReader.<init>(ClassReader.java:166)
	at org.jacoco.agent.rt.internal_b6258fc.core.internal.instr.InstrSupport.classReaderFor(InstrSupport.java:280)
	at org.jacoco.agent.rt.internal_b6258fc.core.instr.Instrumenter.instrument(Instrumenter.java:77)
	at org.jacoco.agent.rt.internal_b6258fc.core.instr.Instrumenter.instrument(Instrumenter.java:109)
	... 54 more
java.lang.instrument.IllegalClassFormatException: Error while instrumenting sun/text/resources/cldr/ext/FormatData_en_150 with JaCoCo 0.8.8.202204050719/5dcf34a.
	at org.jacoco.agent.rt.internal_b6258fc.CoverageTransformer.transform(CoverageTransformer.java:94)
	at java.instrument/java.lang.instrument.ClassFileTransformer.transform(ClassFileTransformer.java:257)
	at java.instrument/sun.instrument.TransformerManager.transform(TransformerManager.java:188)
	at java.instrument/sun.instrument.InstrumentationImpl.transform(InstrumentationImpl.java:594)
	at java.base/java.lang.ClassLoader.defineClass2(Native Method)
	at java.base/java.lang.ClassLoader.defineClass(ClassLoader.java:1052)
	at java.base/java.security.SecureClassLoader.defineClass(SecureClassLoader.java:164)
	at java.base/jdk.internal.loader.BuiltinClassLoader.defineClass(BuiltinClassLoader.java:735)
	at java.base/jdk.internal.loader.BuiltinClassLoader.findClassInModuleOrNull(BuiltinClassLoader.java:678)
	at java.base/jdk.internal.loader.BuiltinClassLoader.findClass(BuiltinClassLoader.java:560)
	at java.base/java.lang.ClassLoader.loadClass(ClassLoader.java:602)
	at java.base/java.lang.Class.forName(Class.java:595)
	at jdk.localedata/sun.util.resources.provider.LocaleDataProvider.loadResourceBundle(LocaleDataProvider.java:53)
	at jdk.localedata/sun.util.resources.provider.LocaleDataProvider.getBundle(LocaleDataProvider.java:39)
	at java.base/sun.util.resources.Bundles.loadBundleFromProviders(Bundles.java:264)
	at java.base/sun.util.resources.Bundles.findBundleOf(Bundles.java:199)
	at java.base/sun.util.resources.Bundles.findBundleOf(Bundles.java:158)
	at java.base/sun.util.resources.Bundles.loadBundleOf(Bundles.java:143)
	at java.base/sun.util.resources.Bundles.of(Bundles.java:104)
	at java.base/sun.util.resources.LocaleData.getBundle(LocaleData.java:179)
	at java.base/sun.util.resources.LocaleData.getNumberFormatData(LocaleData.java:175)
	at java.base/sun.util.locale.provider.LocaleResources.getNumberPatterns(LocaleResources.java:543)
	at java.base/sun.util.locale.provider.NumberFormatProviderImpl.getInstance(NumberFormatProviderImpl.java:184)
	at java.base/sun.util.locale.provider.NumberFormatProviderImpl.getIntegerInstance(NumberFormatProviderImpl.java:133)
	at java.base/java.text.NumberFormat.getInstance(NumberFormat.java:1124)
	at java.base/java.text.NumberFormat.getInstance(NumberFormat.java:1107)
	at java.base/java.text.NumberFormat.getIntegerInstance(NumberFormat.java:663)
	at java.base/java.text.SimpleDateFormat.initialize(SimpleDateFormat.java:662)
	at java.base/java.text.SimpleDateFormat.<init>(SimpleDateFormat.java:650)
	at org.apache.tika.utils.DateUtils.createDateFormat(DateUtils.java:61)
	at org.apache.tika.utils.DateUtils.loadDateFormats(DateUtils.java:125)
	at org.apache.tika.utils.DateUtils.<init>(DateUtils.java:58)
	at org.apache.tika.metadata.Metadata.<clinit>(Metadata.java:94)
	at iped.parsers.browsers.firefox.FirefoxSqliteParserTest.testFirefoxSqliteBookMarkParsing(FirefoxSqliteParserTest.java:114)
	at java.base/jdk.internal.reflect.DirectMethodHandleAccessor.invoke(DirectMethodHandleAccessor.java:104)
	at java.base/java.lang.reflect.Method.invoke(Method.java:565)
	at junit.framework.TestCase.runTest(TestCase.java:177)
	at junit.framework.TestCase.runBare(TestCase.java:142)
	at junit.framework.TestResult$1.protect(TestResult.java:122)
	at junit.framework.TestResult.runProtected(TestResult.java:142)
	at junit.framework.TestResult.run(TestResult.java:125)
	at junit.framework.TestCase.run(TestCase.java:130)
	at junit.framework.TestSuite.runTest(TestSuite.java:241)
	at junit.framework.TestSuite.run(TestSuite.java:236)
	at org.junit.internal.runners.JUnit38ClassRunner.run(JUnit38ClassRunner.java:90)
	at org.apache.maven.surefire.junit4.JUnit4Provider.execute(JUnit4Provider.java:316)
	at org.apache.maven.surefire.junit4.JUnit4Provider.executeWithRerun(JUnit4Provider.java:240)
	at org.apache.maven.surefire.junit4.JUnit4Provider.executeTestSet(JUnit4Provider.java:214)
	at org.apache.maven.surefire.junit4.JUnit4Provider.invoke(JUnit4Provider.java:155)
	at org.apache.maven.surefire.booter.ForkedBooter.runSuitesInProcess(ForkedBooter.java:385)
	at org.apache.maven.surefire.booter.ForkedBooter.execute(ForkedBooter.java:162)
	at org.apache.maven.surefire.booter.ForkedBooter.run(ForkedBooter.java:507)
	at org.apache.maven.surefire.booter.ForkedBooter.main(ForkedBooter.java:495)
Caused by: java.io.IOException: Error while instrumenting sun/text/resources/cldr/ext/FormatData_en_150 with JaCoCo 0.8.8.202204050719/5dcf34a.
	at org.jacoco.agent.rt.internal_b6258fc.core.instr.Instrumenter.instrumentError(Instrumenter.java:161)
	at org.jacoco.agent.rt.internal_b6258fc.core.instr.Instrumenter.instrument(Instrumenter.java:111)
	at org.jacoco.agent.rt.internal_b6258fc.CoverageTransformer.transform(CoverageTransformer.java:92)
	... 52 more
Caused by: java.lang.IllegalArgumentException: Unsupported class file major version 68
	at org.jacoco.agent.rt.internal_b6258fc.asm.ClassReader.<init>(ClassReader.java:199)
	at org.jacoco.agent.rt.internal_b6258fc.asm.ClassReader.<init>(ClassReader.java:180)
	at org.jacoco.agent.rt.internal_b6258fc.asm.ClassReader.<init>(ClassReader.java:166)
	at org.jacoco.agent.rt.internal_b6258fc.core.internal.instr.InstrSupport.classReaderFor(InstrSupport.java:280)
	at org.jacoco.agent.rt.internal_b6258fc.core.instr.Instrumenter.instrument(Instrumenter.java:77)
	at org.jacoco.agent.rt.internal_b6258fc.core.instr.Instrumenter.instrument(Instrumenter.java:109)
	... 53 more
java.lang.instrument.IllegalClassFormatException: Error while instrumenting sun/text/resources/cldr/ext/FormatData_en_DE with JaCoCo 0.8.8.202204050719/5dcf34a.
	at org.jacoco.agent.rt.internal_b6258fc.CoverageTransformer.transform(CoverageTransformer.java:94)
	at java.instrument/java.lang.instrument.ClassFileTransformer.transform(ClassFileTransformer.java:257)
	at java.instrument/sun.instrument.TransformerManager.transform(TransformerManager.java:188)
	at java.instrument/sun.instrument.InstrumentationImpl.transform(InstrumentationImpl.java:594)
	at java.base/java.lang.ClassLoader.defineClass2(Native Method)
	at java.base/java.lang.ClassLoader.defineClass(ClassLoader.java:1052)
	at java.base/java.security.SecureClassLoader.defineClass(SecureClassLoader.java:164)
	at java.base/jdk.internal.loader.BuiltinClassLoader.defineClass(BuiltinClassLoader.java:735)
	at java.base/jdk.internal.loader.BuiltinClassLoader.findClassInModuleOrNull(BuiltinClassLoader.java:678)
	at java.base/jdk.internal.loader.BuiltinClassLoader.findClass(BuiltinClassLoader.java:560)
	at java.base/java.lang.ClassLoader.loadClass(ClassLoader.java:602)
	at java.base/java.lang.Class.forName(Class.java:595)
	at jdk.localedata/sun.util.resources.provider.LocaleDataProvider.loadResourceBundle(LocaleDataProvider.java:53)
	at jdk.localedata/sun.util.resources.provider.LocaleDataProvider.getBundle(LocaleDataProvider.java:39)
	at java.base/sun.util.resources.Bundles.loadBundleFromProviders(Bundles.java:264)
	at java.base/sun.util.resources.Bundles.findBundleOf(Bundles.java:199)
	at java.base/sun.util.resources.Bundles.loadBundleOf(Bundles.java:143)
	at java.base/sun.util.resources.Bundles.of(Bundles.java:104)
	at java.base/sun.util.resources.LocaleData.getBundle(LocaleData.java:179)
	at java.base/sun.util.resources.LocaleData.getNumberFormatData(LocaleData.java:175)
	at java.base/sun.util.locale.provider.LocaleResources.getNumberPatterns(LocaleResources.java:543)
	at java.base/sun.util.locale.provider.NumberFormatProviderImpl.getInstance(NumberFormatProviderImpl.java:184)
	at java.base/sun.util.locale.provider.NumberFormatProviderImpl.getIntegerInstance(NumberFormatProviderImpl.java:133)
	at java.base/java.text.NumberFormat.getInstance(NumberFormat.java:1124)
	at java.base/java.text.NumberFormat.getInstance(NumberFormat.java:1107)
	at java.base/java.text.NumberFormat.getIntegerInstance(NumberFormat.java:663)
	at java.base/java.text.SimpleDateFormat.initialize(SimpleDateFormat.java:662)
	at java.base/java.text.SimpleDateFormat.<init>(SimpleDateFormat.java:650)
	at org.apache.tika.utils.DateUtils.createDateFormat(DateUtils.java:61)
	at org.apache.tika.utils.DateUtils.loadDateFormats(DateUtils.java:125)
	at org.apache.tika.utils.DateUtils.<init>(DateUtils.java:58)
	at org.apache.tika.metadata.Metadata.<clinit>(Metadata.java:94)
	at iped.parsers.browsers.firefox.FirefoxSqliteParserTest.testFirefoxSqliteBookMarkParsing(FirefoxSqliteParserTest.java:114)
	at java.base/jdk.internal.reflect.DirectMethodHandleAccessor.invoke(DirectMethodHandleAccessor.java:104)
	at java.base/java.lang.reflect.Method.invoke(Method.java:565)
	at junit.framework.TestCase.runTest(TestCase.java:177)
	at junit.framework.TestCase.runBare(TestCase.java:142)
	at junit.framework.TestResult$1.protect(TestResult.java:122)
	at junit.framework.TestResult.runProtected(TestResult.java:142)
	at junit.framework.TestResult.run(TestResult.java:125)
	at junit.framework.TestCase.run(TestCase.java:130)
	at junit.framework.TestSuite.runTest(TestSuite.java:241)
	at junit.framework.TestSuite.run(TestSuite.java:236)
	at org.junit.internal.runners.JUnit38ClassRunner.run(JUnit38ClassRunner.java:90)
	at org.apache.maven.surefire.junit4.JUnit4Provider.execute(JUnit4Provider.java:316)
	at org.apache.maven.surefire.junit4.JUnit4Provider.executeWithRerun(JUnit4Provider.java:240)
	at org.apache.maven.surefire.junit4.JUnit4Provider.executeTestSet(JUnit4Provider.java:214)
	at org.apache.maven.surefire.junit4.JUnit4Provider.invoke(JUnit4Provider.java:155)
	at org.apache.maven.surefire.booter.ForkedBooter.runSuitesInProcess(ForkedBooter.java:385)
	at org.apache.maven.surefire.booter.ForkedBooter.execute(ForkedBooter.java:162)
	at org.apache.maven.surefire.booter.ForkedBooter.run(ForkedBooter.java:507)
	at org.apache.maven.surefire.booter.ForkedBooter.main(ForkedBooter.java:495)
Caused by: java.io.IOException: Error while instrumenting sun/text/resources/cldr/ext/FormatData_en_DE with JaCoCo 0.8.8.202204050719/5dcf34a.
	at org.jacoco.agent.rt.internal_b6258fc.core.instr.Instrumenter.instrumentError(Instrumenter.java:161)
	at org.jacoco.agent.rt.internal_b6258fc.core.instr.Instrumenter.instrument(Instrumenter.java:111)
	at org.jacoco.agent.rt.internal_b6258fc.CoverageTransformer.transform(CoverageTransformer.java:92)
	... 51 more
Caused by: java.lang.IllegalArgumentException: Unsupported class file major version 68
	at org.jacoco.agent.rt.internal_b6258fc.asm.ClassReader.<init>(ClassReader.java:199)
	at org.jacoco.agent.rt.internal_b6258fc.asm.ClassReader.<init>(ClassReader.java:180)
	at org.jacoco.agent.rt.internal_b6258fc.asm.ClassReader.<init>(ClassReader.java:166)
	at org.jacoco.agent.rt.internal_b6258fc.core.internal.instr.InstrSupport.classReaderFor(InstrSupport.java:280)
	at org.jacoco.agent.rt.internal_b6258fc.core.instr.Instrumenter.instrument(Instrumenter.java:77)
	at org.jacoco.agent.rt.internal_b6258fc.core.instr.Instrumenter.instrument(Instrumenter.java:109)
	... 52 more
java.lang.instrument.IllegalClassFormatException: Error while instrumenting java/sql/SQLFeatureNotSupportedException with JaCoCo 0.8.8.202204050719/5dcf34a.
	at org.jacoco.agent.rt.internal_b6258fc.CoverageTransformer.transform(CoverageTransformer.java:94)
	at java.instrument/java.lang.instrument.ClassFileTransformer.transform(ClassFileTransformer.java:257)
	at java.instrument/sun.instrument.TransformerManager.transform(TransformerManager.java:188)
	at java.instrument/sun.instrument.InstrumentationImpl.transform(InstrumentationImpl.java:594)
	at java.base/java.lang.ClassLoader.defineClass2(Native Method)
	at java.base/java.lang.ClassLoader.defineClass(ClassLoader.java:1052)
	at java.base/java.security.SecureClassLoader.defineClass(SecureClassLoader.java:164)
	at java.base/jdk.internal.loader.BuiltinClassLoader.defineClass(BuiltinClassLoader.java:735)
	at java.base/jdk.internal.loader.BuiltinClassLoader.findClassInModuleOrNull(BuiltinClassLoader.java:678)
	at java.base/jdk.internal.loader.BuiltinClassLoader.loadClassOrNull(BuiltinClassLoader.java:604)
	at java.base/jdk.internal.loader.BuiltinClassLoader.loadClass(BuiltinClassLoader.java:578)
	at java.base/java.lang.ClassLoader.loadClass(ClassLoader.java:490)
	at org.sqlite.JDBC.createConnection(JDBC.java:106)
WARNING: A restricted method in java.lang.System has been called
WARNING: java.lang.System::load has been called by org.sqlite.SQLiteJDBCLoader in an unnamed module (file:/private/tmp/iped-contribution-tools/m2/org/xerial/sqlite-jdbc/3.51.3.0/sqlite-jdbc-3.51.3.0.jar)
WARNING: Use --enable-native-access=ALL-UNNAMED to avoid a warning for callers in this module
WARNING: Restricted methods will be blocked in a future release unless native access is enabled

	at org.sqlite.SQLiteConfig.createConnection(SQLiteConfig.java:109)
	at iped.parsers.sqlite.SQLite3DBParser.getConnection(SQLite3DBParser.java:101)
	at iped.parsers.browsers.firefox.FirefoxSqliteParser.parse(FirefoxSqliteParser.java:92)
	at iped.parsers.browsers.firefox.FirefoxSqliteParserTest.testFirefoxSqliteBookMarkParsing(FirefoxSqliteParserTest.java:121)
	at java.base/jdk.internal.reflect.DirectMethodHandleAccessor.invoke(DirectMethodHandleAccessor.java:104)
	at java.base/java.lang.reflect.Method.invoke(Method.java:565)
	at junit.framework.TestCase.runTest(TestCase.java:177)
	at junit.framework.TestCase.runBare(TestCase.java:142)
	at junit.framework.TestResult$1.protect(TestResult.java:122)
	at junit.framework.TestResult.runProtected(TestResult.java:142)
	at junit.framework.TestResult.run(TestResult.java:125)
	at junit.framework.TestCase.run(TestCase.java:130)
	at junit.framework.TestSuite.runTest(TestSuite.java:241)
	at junit.framework.TestSuite.run(TestSuite.java:236)
	at org.junit.internal.runners.JUnit38ClassRunner.run(JUnit38ClassRunner.java:90)
	at org.apache.maven.surefire.junit4.JUnit4Provider.execute(JUnit4Provider.java:316)
	at org.apache.maven.surefire.junit4.JUnit4Provider.executeWithRerun(JUnit4Provider.java:240)
	at org.apache.maven.surefire.junit4.JUnit4Provider.executeTestSet(JUnit4Provider.java:214)
	at org.apache.maven.surefire.junit4.JUnit4Provider.invoke(JUnit4Provider.java:155)
	at org.apache.maven.surefire.booter.ForkedBooter.runSuitesInProcess(ForkedBooter.java:385)
	at org.apache.maven.surefire.booter.ForkedBooter.execute(ForkedBooter.java:162)
	at org.apache.maven.surefire.booter.ForkedBooter.run(ForkedBooter.java:507)
	at org.apache.maven.surefire.booter.ForkedBooter.main(ForkedBooter.java:495)
Caused by: java.io.IOException: Error while instrumenting java/sql/SQLFeatureNotSupportedException with JaCoCo 0.8.8.202204050719/5dcf34a.
	at org.jacoco.agent.rt.internal_b6258fc.core.instr.Instrumenter.instrumentError(Instrumenter.java:161)
	at org.jacoco.agent.rt.internal_b6258fc.core.instr.Instrumenter.instrument(Instrumenter.java:111)
	at org.jacoco.agent.rt.internal_b6258fc.CoverageTransformer.transform(CoverageTransformer.java:92)
	... 35 more
Caused by: java.lang.IllegalArgumentException: Unsupported class file major version 68
	at org.jacoco.agent.rt.internal_b6258fc.asm.ClassReader.<init>(ClassReader.java:199)
	at org.jacoco.agent.rt.internal_b6258fc.asm.ClassReader.<init>(ClassReader.java:180)
	at org.jacoco.agent.rt.internal_b6258fc.asm.ClassReader.<init>(ClassReader.java:166)
	at org.jacoco.agent.rt.internal_b6258fc.core.internal.instr.InstrSupport.classReaderFor(InstrSupport.java:280)
	at org.jacoco.agent.rt.internal_b6258fc.core.instr.Instrumenter.instrument(Instrumenter.java:77)
	at org.jacoco.agent.rt.internal_b6258fc.core.instr.Instrumenter.instrument(Instrumenter.java:109)
	... 36 more
java.lang.instrument.IllegalClassFormatException: Error while instrumenting java/sql/SQLNonTransientException with JaCoCo 0.8.8.202204050719/5dcf34a.
	at org.jacoco.agent.rt.internal_b6258fc.CoverageTransformer.transform(CoverageTransformer.java:94)
	at java.instrument/java.lang.instrument.ClassFileTransformer.transform(ClassFileTransformer.java:257)
	at java.instrument/sun.instrument.TransformerManager.transform(TransformerManager.java:188)
	at java.instrument/sun.instrument.InstrumentationImpl.transform(InstrumentationImpl.java:594)
	at java.base/java.lang.ClassLoader.defineClass2(Native Method)
	at java.base/java.lang.ClassLoader.defineClass(ClassLoader.java:1052)
	at java.base/java.security.SecureClassLoader.defineClass(SecureClassLoader.java:164)
	at java.base/jdk.internal.loader.BuiltinClassLoader.defineClass(BuiltinClassLoader.java:735)
	at java.base/jdk.internal.loader.BuiltinClassLoader.findClassInModuleOrNull(BuiltinClassLoader.java:678)
	at java.base/jdk.internal.loader.BuiltinClassLoader.loadClassOrNull(BuiltinClassLoader.java:604)
	at java.base/jdk.internal.loader.BuiltinClassLoader.loadClass(BuiltinClassLoader.java:578)
	at java.base/java.lang.ClassLoader.loadClass(ClassLoader.java:490)
	at java.base/java.lang.ClassLoader.defineClass2(Native Method)
	at java.base/java.lang.ClassLoader.defineClass(ClassLoader.java:1052)
	at java.base/java.security.SecureClassLoader.defineClass(SecureClassLoader.java:164)
	at java.base/jdk.internal.loader.BuiltinClassLoader.defineClass(BuiltinClassLoader.java:735)
	at java.base/jdk.internal.loader.BuiltinClassLoader.findClassInModuleOrNull(BuiltinClassLoader.java:678)
	at java.base/jdk.internal.loader.BuiltinClassLoader.loadClassOrNull(BuiltinClassLoader.java:604)
	at java.base/jdk.internal.loader.BuiltinClassLoader.loadClass(BuiltinClassLoader.java:578)
	at java.base/java.lang.ClassLoader.loadClass(ClassLoader.java:490)
	at org.sqlite.JDBC.createConnection(JDBC.java:106)
	at org.sqlite.SQLiteConfig.createConnection(SQLiteConfig.java:109)
	at iped.parsers.sqlite.SQLite3DBParser.getConnection(SQLite3DBParser.java:101)
	at iped.parsers.browsers.firefox.FirefoxSqliteParser.parse(FirefoxSqliteParser.java:92)
	at iped.parsers.browsers.firefox.FirefoxSqliteParserTest.testFirefoxSqliteBookMarkParsing(FirefoxSqliteParserTest.java:121)
	at java.base/jdk.internal.reflect.DirectMethodHandleAccessor.invoke(DirectMethodHandleAccessor.java:104)
	at java.base/java.lang.reflect.Method.invoke(Method.java:565)
	at junit.framework.TestCase.runTest(TestCase.java:177)
	at junit.framework.TestCase.runBare(TestCase.java:142)
	at junit.framework.TestResult$1.protect(TestResult.java:122)
	at junit.framework.TestResult.runProtected(TestResult.java:142)
	at junit.framework.TestResult.run(TestResult.java:125)
	at junit.framework.TestCase.run(TestCase.java:130)
	at junit.framework.TestSuite.runTest(TestSuite.java:241)
	at junit.framework.TestSuite.run(TestSuite.java:236)
	at org.junit.internal.runners.JUnit38ClassRunner.run(JUnit38ClassRunner.java:90)
	at org.apache.maven.surefire.junit4.JUnit4Provider.execute(JUnit4Provider.java:316)
	at org.apache.maven.surefire.junit4.JUnit4Provider.executeWithRerun(JUnit4Provider.java:240)
	at org.apache.maven.surefire.junit4.JUnit4Provider.executeTestSet(JUnit4Provider.java:214)
	at org.apache.maven.surefire.junit4.JUnit4Provider.invoke(JUnit4Provider.java:155)
	at org.apache.maven.surefire.booter.ForkedBooter.runSuitesInProcess(ForkedBooter.java:385)
	at org.apache.maven.surefire.booter.ForkedBooter.execute(ForkedBooter.java:162)
	at org.apache.maven.surefire.booter.ForkedBooter.run(ForkedBooter.java:507)
	at org.apache.maven.surefire.booter.ForkedBooter.main(ForkedBooter.java:495)
Caused by: java.io.IOException: Error while instrumenting java/sql/SQLNonTransientException with JaCoCo 0.8.8.202204050719/5dcf34a.
	at org.jacoco.agent.rt.internal_b6258fc.core.instr.Instrumenter.instrumentError(Instrumenter.java:161)
	at org.jacoco.agent.rt.internal_b6258fc.core.instr.Instrumenter.instrument(Instrumenter.java:111)
	at org.jacoco.agent.rt.internal_b6258fc.CoverageTransformer.transform(CoverageTransformer.java:92)
	... 43 more
Caused by: java.lang.IllegalArgumentException: Unsupported class file major version 68
	at org.jacoco.agent.rt.internal_b6258fc.asm.ClassReader.<init>(ClassReader.java:199)
	at org.jacoco.agent.rt.internal_b6258fc.asm.ClassReader.<init>(ClassReader.java:180)
	at org.jacoco.agent.rt.internal_b6258fc.asm.ClassReader.<init>(ClassReader.java:166)
	at org.jacoco.agent.rt.internal_b6258fc.core.internal.instr.InstrSupport.classReaderFor(InstrSupport.java:280)
	at org.jacoco.agent.rt.internal_b6258fc.core.instr.Instrumenter.instrument(Instrumenter.java:77)
	at org.jacoco.agent.rt.internal_b6258fc.core.instr.Instrumenter.instrument(Instrumenter.java:109)
	... 44 more
java.lang.instrument.IllegalClassFormatException: Error while instrumenting java/sql/DatabaseMetaData with JaCoCo 0.8.8.202204050719/5dcf34a.
	at org.jacoco.agent.rt.internal_b6258fc.CoverageTransformer.transform(CoverageTransformer.java:94)
	at java.instrument/java.lang.instrument.ClassFileTransformer.transform(ClassFileTransformer.java:257)
	at java.instrument/sun.instrument.TransformerManager.transform(TransformerManager.java:188)
	at java.instrument/sun.instrument.InstrumentationImpl.transform(InstrumentationImpl.java:594)
	at java.base/java.lang.ClassLoader.defineClass2(Native Method)
	at java.base/java.lang.ClassLoader.defineClass(ClassLoader.java:1052)
	at java.base/java.security.SecureClassLoader.defineClass(SecureClassLoader.java:164)
	at java.base/jdk.internal.loader.BuiltinClassLoader.defineClass(BuiltinClassLoader.java:735)
	at java.base/jdk.internal.loader.BuiltinClassLoader.findClassInModuleOrNull(BuiltinClassLoader.java:678)
	at java.base/jdk.internal.loader.BuiltinClassLoader.loadClassOrNull(BuiltinClassLoader.java:604)
	at java.base/jdk.internal.loader.BuiltinClassLoader.loadClassOrNull(BuiltinClassLoader.java:639)
	at java.base/jdk.internal.loader.BuiltinClassLoader.loadClassOrNull(BuiltinClassLoader.java:608)
	at java.base/jdk.internal.loader.BuiltinClassLoader.loadClass(BuiltinClassLoader.java:578)
	at java.base/java.lang.ClassLoader.loadClass(ClassLoader.java:490)
	at java.base/java.lang.ClassLoader.defineClass1(Native Method)
	at java.base/java.lang.ClassLoader.defineClass(ClassLoader.java:962)
	at java.base/java.security.SecureClassLoader.defineClass(SecureClassLoader.java:132)
	at java.base/jdk.internal.loader.BuiltinClassLoader.defineClass(BuiltinClassLoader.java:776)
	at java.base/jdk.internal.loader.BuiltinClassLoader.findClassOnClassPathOrNull(BuiltinClassLoader.java:691)
	at java.base/jdk.internal.loader.BuiltinClassLoader.loadClassOrNull(BuiltinClassLoader.java:620)
	at java.base/jdk.internal.loader.BuiltinClassLoader.loadClass(BuiltinClassLoader.java:578)
	at java.base/java.lang.ClassLoader.loadClass(ClassLoader.java:490)
	at org.sqlite.JDBC.createConnection(JDBC.java:106)
	at org.sqlite.SQLiteConfig.createConnection(SQLiteConfig.java:109)
	at iped.parsers.sqlite.SQLite3DBParser.getConnection(SQLite3DBParser.java:101)
	at iped.parsers.browsers.firefox.FirefoxSqliteParser.parse(FirefoxSqliteParser.java:92)
	at iped.parsers.browsers.firefox.FirefoxSqliteParserTest.testFirefoxSqliteBookMarkParsing(FirefoxSqliteParserTest.java:121)
	at java.base/jdk.internal.reflect.DirectMethodHandleAccessor.invoke(DirectMethodHandleAccessor.java:104)
	at java.base/java.lang.reflect.Method.invoke(Method.java:565)
	at junit.framework.TestCase.runTest(TestCase.java:177)
	at junit.framework.TestCase.runBare(TestCase.java:142)
	at junit.framework.TestResult$1.protect(TestResult.java:122)
	at junit.framework.TestResult.runProtected(TestResult.java:142)
	at junit.framework.TestResult.run(TestResult.java:125)
	at junit.framework.TestCase.run(TestCase.java:130)
	at junit.framework.TestSuite.runTest(TestSuite.java:241)
	at junit.framework.TestSuite.run(TestSuite.java:236)
	at org.junit.internal.runners.JUnit38ClassRunner.run(JUnit38ClassRunner.java:90)
	at org.apache.maven.surefire.junit4.JUnit4Provider.execute(JUnit4Provider.java:316)
	at org.apache.maven.surefire.junit4.JUnit4Provider.executeWithRerun(JUnit4Provider.java:240)
	at org.apache.maven.surefire.junit4.JUnit4Provider.executeTestSet(JUnit4Provider.java:214)
	at org.apache.maven.surefire.junit4.JUnit4Provider.invoke(JUnit4Provider.java:155)
	at org.apache.maven.surefire.booter.ForkedBooter.runSuitesInProcess(ForkedBooter.java:385)
	at org.apache.maven.surefire.booter.ForkedBooter.execute(ForkedBooter.java:162)
	at org.apache.maven.surefire.booter.ForkedBooter.run(ForkedBooter.java:507)
	at org.apache.maven.surefire.booter.ForkedBooter.main(ForkedBooter.java:495)
Caused by: java.io.IOException: Error while instrumenting java/sql/DatabaseMetaData with JaCoCo 0.8.8.202204050719/5dcf34a.
	at org.jacoco.agent.rt.internal_b6258fc.core.instr.Instrumenter.instrumentError(Instrumenter.java:161)
	at org.jacoco.agent.rt.internal_b6258fc.core.instr.Instrumenter.instrument(Instrumenter.java:111)
	at org.jacoco.agent.rt.internal_b6258fc.CoverageTransformer.transform(CoverageTransformer.java:92)
	... 45 more
Caused by: java.lang.IllegalArgumentException: Unsupported class file major version 68
	at org.jacoco.agent.rt.internal_b6258fc.asm.ClassReader.<init>(ClassReader.java:199)
	at org.jacoco.agent.rt.internal_b6258fc.asm.ClassReader.<init>(ClassReader.java:180)
	at org.jacoco.agent.rt.internal_b6258fc.asm.ClassReader.<init>(ClassReader.java:166)
	at org.jacoco.agent.rt.internal_b6258fc.core.internal.instr.InstrSupport.classReaderFor(InstrSupport.java:280)
	at org.jacoco.agent.rt.internal_b6258fc.core.instr.Instrumenter.instrument(Instrumenter.java:77)
	at org.jacoco.agent.rt.internal_b6258fc.core.instr.Instrumenter.instrument(Instrumenter.java:109)
	... 46 more
java.lang.instrument.IllegalClassFormatException: Error while instrumenting java/sql/Savepoint with JaCoCo 0.8.8.202204050719/5dcf34a.
	at org.jacoco.agent.rt.internal_b6258fc.CoverageTransformer.transform(CoverageTransformer.java:94)
	at java.instrument/java.lang.instrument.ClassFileTransformer.transform(ClassFileTransformer.java:257)
	at java.instrument/sun.instrument.TransformerManager.transform(TransformerManager.java:188)
	at java.instrument/sun.instrument.InstrumentationImpl.transform(InstrumentationImpl.java:594)
	at java.base/java.lang.ClassLoader.defineClass2(Native Method)
	at java.base/java.lang.ClassLoader.defineClass(ClassLoader.java:1052)
	at java.base/java.security.SecureClassLoader.defineClass(SecureClassLoader.java:164)
	at java.base/jdk.internal.loader.BuiltinClassLoader.defineClass(BuiltinClassLoader.java:735)
	at java.base/jdk.internal.loader.BuiltinClassLoader.findClassInModuleOrNull(BuiltinClassLoader.java:678)
	at java.base/jdk.internal.loader.BuiltinClassLoader.loadClassOrNull(BuiltinClassLoader.java:604)
	at java.base/jdk.internal.loader.BuiltinClassLoader.loadClassOrNull(BuiltinClassLoader.java:639)
	at java.base/jdk.internal.loader.BuiltinClassLoader.loadClassOrNull(BuiltinClassLoader.java:608)
	at java.base/jdk.internal.loader.BuiltinClassLoader.loadClass(BuiltinClassLoader.java:578)
	at java.base/java.lang.ClassLoader.loadClass(ClassLoader.java:490)
	at org.sqlite.JDBC.createConnection(JDBC.java:106)
	at org.sqlite.SQLiteConfig.createConnection(SQLiteConfig.java:109)
	at iped.parsers.sqlite.SQLite3DBParser.getConnection(SQLite3DBParser.java:101)
	at iped.parsers.browsers.firefox.FirefoxSqliteParser.parse(FirefoxSqliteParser.java:92)
	at iped.parsers.browsers.firefox.FirefoxSqliteParserTest.testFirefoxSqliteBookMarkParsing(FirefoxSqliteParserTest.java:121)
	at java.base/jdk.internal.reflect.DirectMethodHandleAccessor.invoke(DirectMethodHandleAccessor.java:104)
	at java.base/java.lang.reflect.Method.invoke(Method.java:565)
	at junit.framework.TestCase.runTest(TestCase.java:177)
	at junit.framework.TestCase.runBare(TestCase.java:142)
	at junit.framework.TestResult$1.protect(TestResult.java:122)
	at junit.framework.TestResult.runProtected(TestResult.java:142)
	at junit.framework.TestResult.run(TestResult.java:125)
	at junit.framework.TestCase.run(TestCase.java:130)
	at junit.framework.TestSuite.runTest(TestSuite.java:241)
	at junit.framework.TestSuite.run(TestSuite.java:236)
	at org.junit.internal.runners.JUnit38ClassRunner.run(JUnit38ClassRunner.java:90)
	at org.apache.maven.surefire.junit4.JUnit4Provider.execute(JUnit4Provider.java:316)
	at org.apache.maven.surefire.junit4.JUnit4Provider.executeWithRerun(JUnit4Provider.java:240)
	at org.apache.maven.surefire.junit4.JUnit4Provider.executeTestSet(JUnit4Provider.java:214)
	at org.apache.maven.surefire.junit4.JUnit4Provider.invoke(JUnit4Provider.java:155)
	at org.apache.maven.surefire.booter.ForkedBooter.runSuitesInProcess(ForkedBooter.java:385)
	at org.apache.maven.surefire.booter.ForkedBooter.execute(ForkedBooter.java:162)
	at org.apache.maven.surefire.booter.ForkedBooter.run(ForkedBooter.java:507)
	at org.apache.maven.surefire.booter.ForkedBooter.main(ForkedBooter.java:495)
Caused by: java.io.IOException: Error while instrumenting java/sql/Savepoint with JaCoCo 0.8.8.202204050719/5dcf34a.
	at org.jacoco.agent.rt.internal_b6258fc.core.instr.Instrumenter.instrumentError(Instrumenter.java:161)
	at org.jacoco.agent.rt.internal_b6258fc.core.instr.Instrumenter.instrument(Instrumenter.java:111)
	at org.jacoco.agent.rt.internal_b6258fc.CoverageTransformer.transform(CoverageTransformer.java:92)
	... 37 more
Caused by: java.lang.IllegalArgumentException: Unsupported class file major version 68
	at org.jacoco.agent.rt.internal_b6258fc.asm.ClassReader.<init>(ClassReader.java:199)
	at org.jacoco.agent.rt.internal_b6258fc.asm.ClassReader.<init>(ClassReader.java:180)
	at org.jacoco.agent.rt.internal_b6258fc.asm.ClassReader.<init>(ClassReader.java:166)
	at org.jacoco.agent.rt.internal_b6258fc.core.internal.instr.InstrSupport.classReaderFor(InstrSupport.java:280)
	at org.jacoco.agent.rt.internal_b6258fc.core.instr.Instrumenter.instrument(Instrumenter.java:77)
	at org.jacoco.agent.rt.internal_b6258fc.core.instr.Instrumenter.instrument(Instrumenter.java:109)
	... 38 more
java.lang.instrument.IllegalClassFormatException: Error while instrumenting java/sql/Statement with JaCoCo 0.8.8.202204050719/5dcf34a.
	at org.jacoco.agent.rt.internal_b6258fc.CoverageTransformer.transform(CoverageTransformer.java:94)
	at java.instrument/java.lang.instrument.ClassFileTransformer.transform(ClassFileTransformer.java:257)
	at java.instrument/sun.instrument.TransformerManager.transform(TransformerManager.java:188)
	at java.instrument/sun.instrument.InstrumentationImpl.transform(InstrumentationImpl.java:594)
	at java.base/java.lang.ClassLoader.defineClass2(Native Method)
	at java.base/java.lang.ClassLoader.defineClass(ClassLoader.java:1052)
	at java.base/java.security.SecureClassLoader.defineClass(SecureClassLoader.java:164)
	at java.base/jdk.internal.loader.BuiltinClassLoader.defineClass(BuiltinClassLoader.java:735)
	at java.base/jdk.internal.loader.BuiltinClassLoader.findClassInModuleOrNull(BuiltinClassLoader.java:678)
	at java.base/jdk.internal.loader.BuiltinClassLoader.loadClassOrNull(BuiltinClassLoader.java:604)
	at java.base/jdk.internal.loader.BuiltinClassLoader.loadClassOrNull(BuiltinClassLoader.java:639)
	at java.base/jdk.internal.loader.BuiltinClassLoader.loadClassOrNull(BuiltinClassLoader.java:608)
	at java.base/jdk.internal.loader.BuiltinClassLoader.loadClass(BuiltinClassLoader.java:578)
	at java.base/java.lang.ClassLoader.loadClass(ClassLoader.java:490)
	at org.sqlite.JDBC.createConnection(JDBC.java:106)
	at org.sqlite.SQLiteConfig.createConnection(SQLiteConfig.java:109)
	at iped.parsers.sqlite.SQLite3DBParser.getConnection(SQLite3DBParser.java:101)
	at iped.parsers.browsers.firefox.FirefoxSqliteParser.parse(FirefoxSqliteParser.java:92)
	at iped.parsers.browsers.firefox.FirefoxSqliteParserTest.testFirefoxSqliteBookMarkParsing(FirefoxSqliteParserTest.java:121)
	at java.base/jdk.internal.reflect.DirectMethodHandleAccessor.invoke(DirectMethodHandleAccessor.java:104)
	at java.base/java.lang.reflect.Method.invoke(Method.java:565)
	at junit.framework.TestCase.runTest(TestCase.java:177)
	at junit.framework.TestCase.runBare(TestCase.java:142)
	at junit.framework.TestResult$1.protect(TestResult.java:122)
	at junit.framework.TestResult.runProtected(TestResult.java:142)
	at junit.framework.TestResult.run(TestResult.java:125)
	at junit.framework.TestCase.run(TestCase.java:130)
	at junit.framework.TestSuite.runTest(TestSuite.java:241)
	at junit.framework.TestSuite.run(TestSuite.java:236)
	at org.junit.internal.runners.JUnit38ClassRunner.run(JUnit38ClassRunner.java:90)
	at org.apache.maven.surefire.junit4.JUnit4Provider.execute(JUnit4Provider.java:316)
	at org.apache.maven.surefire.junit4.JUnit4Provider.executeWithRerun(JUnit4Provider.java:240)
	at org.apache.maven.surefire.junit4.JUnit4Provider.executeTestSet(JUnit4Provider.java:214)
	at org.apache.maven.surefire.junit4.JUnit4Provider.invoke(JUnit4Provider.java:155)
	at org.apache.maven.surefire.booter.ForkedBooter.runSuitesInProcess(ForkedBooter.java:385)
	at org.apache.maven.surefire.booter.ForkedBooter.execute(ForkedBooter.java:162)
	at org.apache.maven.surefire.booter.ForkedBooter.run(ForkedBooter.java:507)
	at org.apache.maven.surefire.booter.ForkedBooter.main(ForkedBooter.java:495)
Caused by: java.io.IOException: Error while instrumenting java/sql/Statement with JaCoCo 0.8.8.202204050719/5dcf34a.
	at org.jacoco.agent.rt.internal_b6258fc.core.instr.Instrumenter.instrumentError(Instrumenter.java:161)
	at org.jacoco.agent.rt.internal_b6258fc.core.instr.Instrumenter.instrument(Instrumenter.java:111)
	at org.jacoco.agent.rt.internal_b6258fc.CoverageTransformer.transform(CoverageTransformer.java:92)
	... 37 more
Caused by: java.lang.IllegalArgumentException: Unsupported class file major version 68
	at org.jacoco.agent.rt.internal_b6258fc.asm.ClassReader.<init>(ClassReader.java:199)
	at org.jacoco.agent.rt.internal_b6258fc.asm.ClassReader.<init>(ClassReader.java:180)
	at org.jacoco.agent.rt.internal_b6258fc.asm.ClassReader.<init>(ClassReader.java:166)
	at org.jacoco.agent.rt.internal_b6258fc.core.internal.instr.InstrSupport.classReaderFor(InstrSupport.java:280)
	at org.jacoco.agent.rt.internal_b6258fc.core.instr.Instrumenter.instrument(Instrumenter.java:77)
	at org.jacoco.agent.rt.internal_b6258fc.core.instr.Instrumenter.instrument(Instrumenter.java:109)
	... 38 more
java.lang.instrument.IllegalClassFormatException: Error while instrumenting java/sql/PreparedStatement with JaCoCo 0.8.8.202204050719/5dcf34a.
	at org.jacoco.agent.rt.internal_b6258fc.CoverageTransformer.transform(CoverageTransformer.java:94)
	at java.instrument/java.lang.instrument.ClassFileTransformer.transform(ClassFileTransformer.java:257)
	at java.instrument/sun.instrument.TransformerManager.transform(TransformerManager.java:188)
	at java.instrument/sun.instrument.InstrumentationImpl.transform(InstrumentationImpl.java:594)
	at java.base/java.lang.ClassLoader.defineClass2(Native Method)
	at java.base/java.lang.ClassLoader.defineClass(ClassLoader.java:1052)
	at java.base/java.security.SecureClassLoader.defineClass(SecureClassLoader.java:164)
	at java.base/jdk.internal.loader.BuiltinClassLoader.defineClass(BuiltinClassLoader.java:735)
	at java.base/jdk.internal.loader.BuiltinClassLoader.findClassInModuleOrNull(BuiltinClassLoader.java:678)
	at java.base/jdk.internal.loader.BuiltinClassLoader.loadClassOrNull(BuiltinClassLoader.java:604)
	at java.base/jdk.internal.loader.BuiltinClassLoader.loadClassOrNull(BuiltinClassLoader.java:639)
	at java.base/jdk.internal.loader.BuiltinClassLoader.loadClassOrNull(BuiltinClassLoader.java:608)
	at java.base/jdk.internal.loader.BuiltinClassLoader.loadClass(BuiltinClassLoader.java:578)
	at java.base/java.lang.ClassLoader.loadClass(ClassLoader.java:490)
	at org.sqlite.JDBC.createConnection(JDBC.java:106)
	at org.sqlite.SQLiteConfig.createConnection(SQLiteConfig.java:109)
	at iped.parsers.sqlite.SQLite3DBParser.getConnection(SQLite3DBParser.java:101)
	at iped.parsers.browsers.firefox.FirefoxSqliteParser.parse(FirefoxSqliteParser.java:92)
	at iped.parsers.browsers.firefox.FirefoxSqliteParserTest.testFirefoxSqliteBookMarkParsing(FirefoxSqliteParserTest.java:121)
	at java.base/jdk.internal.reflect.DirectMethodHandleAccessor.invoke(DirectMethodHandleAccessor.java:104)
	at java.base/java.lang.reflect.Method.invoke(Method.java:565)
	at junit.framework.TestCase.runTest(TestCase.java:177)
	at junit.framework.TestCase.runBare(TestCase.java:142)
	at junit.framework.TestResult$1.protect(TestResult.java:122)
	at junit.framework.TestResult.runProtected(TestResult.java:142)
	at junit.framework.TestResult.run(TestResult.java:125)
	at junit.framework.TestCase.run(TestCase.java:130)
	at junit.framework.TestSuite.runTest(TestSuite.java:241)
	at junit.framework.TestSuite.run(TestSuite.java:236)
	at org.junit.internal.runners.JUnit38ClassRunner.run(JUnit38ClassRunner.java:90)
	at org.apache.maven.surefire.junit4.JUnit4Provider.execute(JUnit4Provider.java:316)
	at org.apache.maven.surefire.junit4.JUnit4Provider.executeWithRerun(JUnit4Provider.java:240)
	at org.apache.maven.surefire.junit4.JUnit4Provider.executeTestSet(JUnit4Provider.java:214)
	at org.apache.maven.surefire.junit4.JUnit4Provider.invoke(JUnit4Provider.java:155)
	at org.apache.maven.surefire.booter.ForkedBooter.runSuitesInProcess(ForkedBooter.java:385)
	at org.apache.maven.surefire.booter.ForkedBooter.execute(ForkedBooter.java:162)
	at org.apache.maven.surefire.booter.ForkedBooter.run(ForkedBooter.java:507)
	at org.apache.maven.surefire.booter.ForkedBooter.main(ForkedBooter.java:495)
Caused by: java.io.IOException: Error while instrumenting java/sql/PreparedStatement with JaCoCo 0.8.8.202204050719/5dcf34a.
	at org.jacoco.agent.rt.internal_b6258fc.core.instr.Instrumenter.instrumentError(Instrumenter.java:161)
	at org.jacoco.agent.rt.internal_b6258fc.core.instr.Instrumenter.instrument(Instrumenter.java:111)
	at org.jacoco.agent.rt.internal_b6258fc.CoverageTransformer.transform(CoverageTransformer.java:92)
	... 37 more
Caused by: java.lang.IllegalArgumentException: Unsupported class file major version 68
	at org.jacoco.agent.rt.internal_b6258fc.asm.ClassReader.<init>(ClassReader.java:199)
	at org.jacoco.agent.rt.internal_b6258fc.asm.ClassReader.<init>(ClassReader.java:180)
	at org.jacoco.agent.rt.internal_b6258fc.asm.ClassReader.<init>(ClassReader.java:166)
	at org.jacoco.agent.rt.internal_b6258fc.core.internal.instr.InstrSupport.classReaderFor(InstrSupport.java:280)
	at org.jacoco.agent.rt.internal_b6258fc.core.instr.Instrumenter.instrument(Instrumenter.java:77)
	at org.jacoco.agent.rt.internal_b6258fc.core.instr.Instrumenter.instrument(Instrumenter.java:109)
	... 38 more
java.lang.instrument.IllegalClassFormatException: Error while instrumenting java/sql/BatchUpdateException with JaCoCo 0.8.8.202204050719/5dcf34a.
	at org.jacoco.agent.rt.internal_b6258fc.CoverageTransformer.transform(CoverageTransformer.java:94)
	at java.instrument/java.lang.instrument.ClassFileTransformer.transform(ClassFileTransformer.java:257)
	at java.instrument/sun.instrument.TransformerManager.transform(TransformerManager.java:188)
	at java.instrument/sun.instrument.InstrumentationImpl.transform(InstrumentationImpl.java:594)
	at java.base/java.lang.ClassLoader.defineClass2(Native Method)
	at java.base/java.lang.ClassLoader.defineClass(ClassLoader.java:1052)
	at java.base/java.security.SecureClassLoader.defineClass(SecureClassLoader.java:164)
	at java.base/jdk.internal.loader.BuiltinClassLoader.defineClass(BuiltinClassLoader.java:735)
	at java.base/jdk.internal.loader.BuiltinClassLoader.findClassInModuleOrNull(BuiltinClassLoader.java:678)
	at java.base/jdk.internal.loader.BuiltinClassLoader.loadClassOrNull(BuiltinClassLoader.java:604)
	at java.base/jdk.internal.loader.BuiltinClassLoader.loadClassOrNull(BuiltinClassLoader.java:639)
	at java.base/jdk.internal.loader.BuiltinClassLoader.loadClassOrNull(BuiltinClassLoader.java:608)
	at java.base/jdk.internal.loader.BuiltinClassLoader.loadClass(BuiltinClassLoader.java:578)
	at java.base/java.lang.ClassLoader.loadClass(ClassLoader.java:490)
	at org.sqlite.SQLiteConnection.open(SQLiteConnection.java:261)
	at org.sqlite.SQLiteConnection.<init>(SQLiteConnection.java:67)
	at org.sqlite.jdbc3.JDBC3Connection.<init>(JDBC3Connection.java:28)
	at org.sqlite.jdbc4.JDBC4Connection.<init>(JDBC4Connection.java:19)
	at org.sqlite.JDBC.createConnection(JDBC.java:106)
	at org.sqlite.SQLiteConfig.createConnection(SQLiteConfig.java:109)
	at iped.parsers.sqlite.SQLite3DBParser.getConnection(SQLite3DBParser.java:101)
	at iped.parsers.browsers.firefox.FirefoxSqliteParser.parse(FirefoxSqliteParser.java:92)
	at iped.parsers.browsers.firefox.FirefoxSqliteParserTest.testFirefoxSqliteBookMarkParsing(FirefoxSqliteParserTest.java:121)
	at java.base/jdk.internal.reflect.DirectMethodHandleAccessor.invoke(DirectMethodHandleAccessor.java:104)
	at java.base/java.lang.reflect.Method.invoke(Method.java:565)
	at junit.framework.TestCase.runTest(TestCase.java:177)
	at junit.framework.TestCase.runBare(TestCase.java:142)
	at junit.framework.TestResult$1.protect(TestResult.java:122)
	at junit.framework.TestResult.runProtected(TestResult.java:142)
	at junit.framework.TestResult.run(TestResult.java:125)
	at junit.framework.TestCase.run(TestCase.java:130)
	at junit.framework.TestSuite.runTest(TestSuite.java:241)
	at junit.framework.TestSuite.run(TestSuite.java:236)
	at org.junit.internal.runners.JUnit38ClassRunner.run(JUnit38ClassRunner.java:90)
	at org.apache.maven.surefire.junit4.JUnit4Provider.execute(JUnit4Provider.java:316)
	at org.apache.maven.surefire.junit4.JUnit4Provider.executeWithRerun(JUnit4Provider.java:240)
	at org.apache.maven.surefire.junit4.JUnit4Provider.executeTestSet(JUnit4Provider.java:214)
	at org.apache.maven.surefire.junit4.JUnit4Provider.invoke(JUnit4Provider.java:155)
	at org.apache.maven.surefire.booter.ForkedBooter.runSuitesInProcess(ForkedBooter.java:385)
	at org.apache.maven.surefire.booter.ForkedBooter.execute(ForkedBooter.java:162)
	at org.apache.maven.surefire.booter.ForkedBooter.run(ForkedBooter.java:507)
	at org.apache.maven.surefire.booter.ForkedBooter.main(ForkedBooter.java:495)
Caused by: java.io.IOException: Error while instrumenting java/sql/BatchUpdateException with JaCoCo 0.8.8.202204050719/5dcf34a.
	at org.jacoco.agent.rt.internal_b6258fc.core.instr.Instrumenter.instrumentError(Instrumenter.java:161)
	at org.jacoco.agent.rt.internal_b6258fc.core.instr.Instrumenter.instrument(Instrumenter.java:111)
	at org.jacoco.agent.rt.internal_b6258fc.CoverageTransformer.transform(CoverageTransformer.java:92)
	... 41 more
Caused by: java.lang.IllegalArgumentException: Unsupported class file major version 68
	at org.jacoco.agent.rt.internal_b6258fc.asm.ClassReader.<init>(ClassReader.java:199)
	at org.jacoco.agent.rt.internal_b6258fc.asm.ClassReader.<init>(ClassReader.java:180)
	at org.jacoco.agent.rt.internal_b6258fc.asm.ClassReader.<init>(ClassReader.java:166)
	at org.jacoco.agent.rt.internal_b6258fc.core.internal.instr.InstrSupport.classReaderFor(InstrSupport.java:280)
	at org.jacoco.agent.rt.internal_b6258fc.core.instr.Instrumenter.instrument(Instrumenter.java:77)
	at org.jacoco.agent.rt.internal_b6258fc.core.instr.Instrumenter.instrument(Instrumenter.java:109)
	... 42 more
java.lang.instrument.IllegalClassFormatException: Error while instrumenting java/sql/ResultSet with JaCoCo 0.8.8.202204050719/5dcf34a.
	at org.jacoco.agent.rt.internal_b6258fc.CoverageTransformer.transform(CoverageTransformer.java:94)
	at java.instrument/java.lang.instrument.ClassFileTransformer.transform(ClassFileTransformer.java:257)
	at java.instrument/sun.instrument.TransformerManager.transform(TransformerManager.java:188)
	at java.instrument/sun.instrument.InstrumentationImpl.transform(InstrumentationImpl.java:594)
	at java.base/java.lang.ClassLoader.defineClass2(Native Method)
	at java.base/java.lang.ClassLoader.defineClass(ClassLoader.java:1052)
	at java.base/java.security.SecureClassLoader.defineClass(SecureClassLoader.java:164)
	at java.base/jdk.internal.loader.BuiltinClassLoader.defineClass(BuiltinClassLoader.java:735)
	at java.base/jdk.internal.loader.BuiltinClassLoader.findClassInModuleOrNull(BuiltinClassLoader.java:678)
	at java.base/jdk.internal.loader.BuiltinClassLoader.loadClassOrNull(BuiltinClassLoader.java:604)
	at java.base/jdk.internal.loader.BuiltinClassLoader.loadClassOrNull(BuiltinClassLoader.java:639)
	at java.base/jdk.internal.loader.BuiltinClassLoader.loadClassOrNull(BuiltinClassLoader.java:608)
	at java.base/jdk.internal.loader.BuiltinClassLoader.loadClass(BuiltinClassLoader.java:578)
	at java.base/java.lang.ClassLoader.loadClass(ClassLoader.java:490)
	at java.base/java.lang.ClassLoader.defineClass1(Native Method)
	at java.base/java.lang.ClassLoader.defineClass(ClassLoader.java:962)
	at java.base/java.security.SecureClassLoader.defineClass(SecureClassLoader.java:132)
	at java.base/jdk.internal.loader.BuiltinClassLoader.defineClass(BuiltinClassLoader.java:776)
	at java.base/jdk.internal.loader.BuiltinClassLoader.findClassOnClassPathOrNull(BuiltinClassLoader.java:691)
	at java.base/jdk.internal.loader.BuiltinClassLoader.loadClassOrNull(BuiltinClassLoader.java:620)
	at java.base/jdk.internal.loader.BuiltinClassLoader.loadClass(BuiltinClassLoader.java:578)
	at java.base/java.lang.ClassLoader.loadClass(ClassLoader.java:490)
	at org.sqlite.jdbc4.JDBC4Connection.createStatement(JDBC4Connection.java:26)
	at org.sqlite.jdbc3.JDBC3Connection.createStatement(JDBC3Connection.java:169)
	at org.sqlite.SQLiteConfig.apply(SQLiteConfig.java:193)
	at org.sqlite.SQLiteConnection.<init>(SQLiteConnection.java:70)
	at org.sqlite.jdbc3.JDBC3Connection.<init>(JDBC3Connection.java:28)
	at org.sqlite.jdbc4.JDBC4Connection.<init>(JDBC4Connection.java:19)
	at org.sqlite.JDBC.createConnection(JDBC.java:106)
	at org.sqlite.SQLiteConfig.createConnection(SQLiteConfig.java:109)
	at iped.parsers.sqlite.SQLite3DBParser.getConnection(SQLite3DBParser.java:101)
	at iped.parsers.browsers.firefox.FirefoxSqliteParser.parse(FirefoxSqliteParser.java:92)
	at iped.parsers.browsers.firefox.FirefoxSqliteParserTest.testFirefoxSqliteBookMarkParsing(FirefoxSqliteParserTest.java:121)
	at java.base/jdk.internal.reflect.DirectMethodHandleAccessor.invoke(DirectMethodHandleAccessor.java:104)
	at java.base/java.lang.reflect.Method.invoke(Method.java:565)
	at junit.framework.TestCase.runTest(TestCase.java:177)
	at junit.framework.TestCase.runBare(TestCase.java:142)
	at junit.framework.TestResult$1.protect(TestResult.java:122)
	at junit.framework.TestResult.runProtected(TestResult.java:142)
	at junit.framework.TestResult.run(TestResult.java:125)
	at junit.framework.TestCase.run(TestCase.java:130)
	at junit.framework.TestSuite.runTest(TestSuite.java:241)
	at junit.framework.TestSuite.run(TestSuite.java:236)
	at org.junit.internal.runners.JUnit38ClassRunner.run(JUnit38ClassRunner.java:90)
	at org.apache.maven.surefire.junit4.JUnit4Provider.execute(JUnit4Provider.java:316)
	at org.apache.maven.surefire.junit4.JUnit4Provider.executeWithRerun(JUnit4Provider.java:240)
	at org.apache.maven.surefire.junit4.JUnit4Provider.executeTestSet(JUnit4Provider.java:214)
	at org.apache.maven.surefire.junit4.JUnit4Provider.invoke(JUnit4Provider.java:155)
	at org.apache.maven.surefire.booter.ForkedBooter.runSuitesInProcess(ForkedBooter.java:385)
	at org.apache.maven.surefire.booter.ForkedBooter.execute(ForkedBooter.java:162)
	at org.apache.maven.surefire.booter.ForkedBooter.run(ForkedBooter.java:507)
	at org.apache.maven.surefire.booter.ForkedBooter.main(ForkedBooter.java:495)
Caused by: java.io.IOException: Error while instrumenting java/sql/ResultSet with JaCoCo 0.8.8.202204050719/5dcf34a.
	at org.jacoco.agent.rt.internal_b6258fc.core.instr.Instrumenter.instrumentError(Instrumenter.java:161)
	at org.jacoco.agent.rt.internal_b6258fc.core.instr.Instrumenter.instrument(Instrumenter.java:111)
	at org.jacoco.agent.rt.internal_b6258fc.CoverageTransformer.transform(CoverageTransformer.java:92)
	... 51 more
Caused by: java.lang.IllegalArgumentException: Unsupported class file major version 68
	at org.jacoco.agent.rt.internal_b6258fc.asm.ClassReader.<init>(ClassReader.java:199)
	at org.jacoco.agent.rt.internal_b6258fc.asm.ClassReader.<init>(ClassReader.java:180)
	at org.jacoco.agent.rt.internal_b6258fc.asm.ClassReader.<init>(ClassReader.java:166)
	at org.jacoco.agent.rt.internal_b6258fc.core.internal.instr.InstrSupport.classReaderFor(InstrSupport.java:280)
	at org.jacoco.agent.rt.internal_b6258fc.core.instr.Instrumenter.instrument(Instrumenter.java:77)
	at org.jacoco.agent.rt.internal_b6258fc.core.instr.Instrumenter.instrument(Instrumenter.java:109)
	... 52 more
java.lang.instrument.IllegalClassFormatException: Error while instrumenting java/sql/ResultSetMetaData with JaCoCo 0.8.8.202204050719/5dcf34a.
	at org.jacoco.agent.rt.internal_b6258fc.CoverageTransformer.transform(CoverageTransformer.java:94)
	at java.instrument/java.lang.instrument.ClassFileTransformer.transform(ClassFileTransformer.java:257)
	at java.instrument/sun.instrument.TransformerManager.transform(TransformerManager.java:188)
	at java.instrument/sun.instrument.InstrumentationImpl.transform(InstrumentationImpl.java:594)
	at java.base/java.lang.ClassLoader.defineClass2(Native Method)
	at java.base/java.lang.ClassLoader.defineClass(ClassLoader.java:1052)
	at java.base/java.security.SecureClassLoader.defineClass(SecureClassLoader.java:164)
	at java.base/jdk.internal.loader.BuiltinClassLoader.defineClass(BuiltinClassLoader.java:735)
	at java.base/jdk.internal.loader.BuiltinClassLoader.findClassInModuleOrNull(BuiltinClassLoader.java:678)
	at java.base/jdk.internal.loader.BuiltinClassLoader.loadClassOrNull(BuiltinClassLoader.java:604)
	at java.base/jdk.internal.loader.BuiltinClassLoader.loadClassOrNull(BuiltinClassLoader.java:639)
	at java.base/jdk.internal.loader.BuiltinClassLoader.loadClassOrNull(BuiltinClassLoader.java:608)
	at java.base/jdk.internal.loader.BuiltinClassLoader.loadClass(BuiltinClassLoader.java:578)
	at java.base/java.lang.ClassLoader.loadClass(ClassLoader.java:490)
	at java.base/java.lang.ClassLoader.defineClass1(Native Method)
	at java.base/java.lang.ClassLoader.defineClass(ClassLoader.java:962)
	at java.base/java.security.SecureClassLoader.defineClass(SecureClassLoader.java:132)
	at java.base/jdk.internal.loader.BuiltinClassLoader.defineClass(BuiltinClassLoader.java:776)
	at java.base/jdk.internal.loader.BuiltinClassLoader.findClassOnClassPathOrNull(BuiltinClassLoader.java:691)
	at java.base/jdk.internal.loader.BuiltinClassLoader.loadClassOrNull(BuiltinClassLoader.java:620)
	at java.base/jdk.internal.loader.BuiltinClassLoader.loadClass(BuiltinClassLoader.java:578)
	at java.base/java.lang.ClassLoader.loadClass(ClassLoader.java:490)
	at org.sqlite.jdbc4.JDBC4Connection.createStatement(JDBC4Connection.java:26)
	at org.sqlite.jdbc3.JDBC3Connection.createStatement(JDBC3Connection.java:169)
	at org.sqlite.SQLiteConfig.apply(SQLiteConfig.java:193)
	at org.sqlite.SQLiteConnection.<init>(SQLiteConnection.java:70)
	at org.sqlite.jdbc3.JDBC3Connection.<init>(JDBC3Connection.java:28)
	at org.sqlite.jdbc4.JDBC4Connection.<init>(JDBC4Connection.java:19)
	at org.sqlite.JDBC.createConnection(JDBC.java:106)
	at org.sqlite.SQLiteConfig.createConnection(SQLiteConfig.java:109)
	at iped.parsers.sqlite.SQLite3DBParser.getConnection(SQLite3DBParser.java:101)
	at iped.parsers.browsers.firefox.FirefoxSqliteParser.parse(FirefoxSqliteParser.java:92)
	at iped.parsers.browsers.firefox.FirefoxSqliteParserTest.testFirefoxSqliteBookMarkParsing(FirefoxSqliteParserTest.java:121)
	at java.base/jdk.internal.reflect.DirectMethodHandleAccessor.invoke(DirectMethodHandleAccessor.java:104)
	at java.base/java.lang.reflect.Method.invoke(Method.java:565)
	at junit.framework.TestCase.runTest(TestCase.java:177)
	at junit.framework.TestCase.runBare(TestCase.java:142)
	at junit.framework.TestResult$1.protect(TestResult.java:122)
	at junit.framework.TestResult.runProtected(TestResult.java:142)
	at junit.framework.TestResult.run(TestResult.java:125)
	at junit.framework.TestCase.run(TestCase.java:130)
	at junit.framework.TestSuite.runTest(TestSuite.java:241)
	at junit.framework.TestSuite.run(TestSuite.java:236)
	at org.junit.internal.runners.JUnit38ClassRunner.run(JUnit38ClassRunner.java:90)
	at org.apache.maven.surefire.junit4.JUnit4Provider.execute(JUnit4Provider.java:316)
	at org.apache.maven.surefire.junit4.JUnit4Provider.executeWithRerun(JUnit4Provider.java:240)
	at org.apache.maven.surefire.junit4.JUnit4Provider.executeTestSet(JUnit4Provider.java:214)
	at org.apache.maven.surefire.junit4.JUnit4Provider.invoke(JUnit4Provider.java:155)
	at org.apache.maven.surefire.booter.ForkedBooter.runSuitesInProcess(ForkedBooter.java:385)
	at org.apache.maven.surefire.booter.ForkedBooter.execute(ForkedBooter.java:162)
	at org.apache.maven.surefire.booter.ForkedBooter.run(ForkedBooter.java:507)
	at org.apache.maven.surefire.booter.ForkedBooter.main(ForkedBooter.java:495)
Caused by: java.io.IOException: Error while instrumenting java/sql/ResultSetMetaData with JaCoCo 0.8.8.202204050719/5dcf34a.
	at org.jacoco.agent.rt.internal_b6258fc.core.instr.Instrumenter.instrumentError(Instrumenter.java:161)
	at org.jacoco.agent.rt.internal_b6258fc.core.instr.Instrumenter.instrument(Instrumenter.java:111)
	at org.jacoco.agent.rt.internal_b6258fc.CoverageTransformer.transform(CoverageTransformer.java:92)
	... 51 more
Caused by: java.lang.IllegalArgumentException: Unsupported class file major version 68
	at org.jacoco.agent.rt.internal_b6258fc.asm.ClassReader.<init>(ClassReader.java:199)
	at org.jacoco.agent.rt.internal_b6258fc.asm.ClassReader.<init>(ClassReader.java:180)
	at org.jacoco.agent.rt.internal_b6258fc.asm.ClassReader.<init>(ClassReader.java:166)
	at org.jacoco.agent.rt.internal_b6258fc.core.internal.instr.InstrSupport.classReaderFor(InstrSupport.java:280)
	at org.jacoco.agent.rt.internal_b6258fc.core.instr.Instrumenter.instrument(Instrumenter.java:77)
	at org.jacoco.agent.rt.internal_b6258fc.core.instr.Instrumenter.instrument(Instrumenter.java:109)
	... 52 more
java.lang.instrument.IllegalClassFormatException: Error while instrumenting java/sql/Clob with JaCoCo 0.8.8.202204050719/5dcf34a.
	at org.jacoco.agent.rt.internal_b6258fc.CoverageTransformer.transform(CoverageTransformer.java:94)
	at java.instrument/java.lang.instrument.ClassFileTransformer.transform(ClassFileTransformer.java:257)
	at java.instrument/sun.instrument.TransformerManager.transform(TransformerManager.java:188)
	at java.instrument/sun.instrument.InstrumentationImpl.transform(InstrumentationImpl.java:594)
	at java.base/java.lang.ClassLoader.defineClass2(Native Method)
	at java.base/java.lang.ClassLoader.defineClass(ClassLoader.java:1052)
	at java.base/java.security.SecureClassLoader.defineClass(SecureClassLoader.java:164)
	at java.base/jdk.internal.loader.BuiltinClassLoader.defineClass(BuiltinClassLoader.java:735)
	at java.base/jdk.internal.loader.BuiltinClassLoader.findClassInModuleOrNull(BuiltinClassLoader.java:678)
	at java.base/jdk.internal.loader.BuiltinClassLoader.loadClassOrNull(BuiltinClassLoader.java:604)
	at java.base/jdk.internal.loader.BuiltinClassLoader.loadClassOrNull(BuiltinClassLoader.java:639)
	at java.base/jdk.internal.loader.BuiltinClassLoader.loadClassOrNull(BuiltinClassLoader.java:608)
	at java.base/jdk.internal.loader.BuiltinClassLoader.loadClass(BuiltinClassLoader.java:578)
	at java.base/java.lang.ClassLoader.loadClass(ClassLoader.java:490)
	at org.sqlite.core.CoreStatement.<init>(CoreStatement.java:50)
	at org.sqlite.jdbc3.JDBC3Statement.<init>(JDBC3Statement.java:30)
	at org.sqlite.jdbc4.JDBC4Statement.<init>(JDBC4Statement.java:10)
	at org.sqlite.jdbc4.JDBC4Connection.createStatement(JDBC4Connection.java:26)
	at org.sqlite.jdbc3.JDBC3Connection.createStatement(JDBC3Connection.java:169)
	at org.sqlite.SQLiteConfig.apply(SQLiteConfig.java:193)
	at org.sqlite.SQLiteConnection.<init>(SQLiteConnection.java:70)
	at org.sqlite.jdbc3.JDBC3Connection.<init>(JDBC3Connection.java:28)
	at org.sqlite.jdbc4.JDBC4Connection.<init>(JDBC4Connection.java:19)
	at org.sqlite.JDBC.createConnection(JDBC.java:106)
	at org.sqlite.SQLiteConfig.createConnection(SQLiteConfig.java:109)
	at iped.parsers.sqlite.SQLite3DBParser.getConnection(SQLite3DBParser.java:101)
	at iped.parsers.browsers.firefox.FirefoxSqliteParser.parse(FirefoxSqliteParser.java:92)
	at iped.parsers.browsers.firefox.FirefoxSqliteParserTest.testFirefoxSqliteBookMarkParsing(FirefoxSqliteParserTest.java:121)
	at java.base/jdk.internal.reflect.DirectMethodHandleAccessor.invoke(DirectMethodHandleAccessor.java:104)
	at java.base/java.lang.reflect.Method.invoke(Method.java:565)
	at junit.framework.TestCase.runTest(TestCase.java:177)
	at junit.framework.TestCase.runBare(TestCase.java:142)
	at junit.framework.TestResult$1.protect(TestResult.java:122)
	at junit.framework.TestResult.runProtected(TestResult.java:142)
	at junit.framework.TestResult.run(TestResult.java:125)
	at junit.framework.TestCase.run(TestCase.java:130)
	at junit.framework.TestSuite.runTest(TestSuite.java:241)
	at junit.framework.TestSuite.run(TestSuite.java:236)
	at org.junit.internal.runners.JUnit38ClassRunner.run(JUnit38ClassRunner.java:90)
	at org.apache.maven.surefire.junit4.JUnit4Provider.execute(JUnit4Provider.java:316)
	at org.apache.maven.surefire.junit4.JUnit4Provider.executeWithRerun(JUnit4Provider.java:240)
	at org.apache.maven.surefire.junit4.JUnit4Provider.executeTestSet(JUnit4Provider.java:214)
	at org.apache.maven.surefire.junit4.JUnit4Provider.invoke(JUnit4Provider.java:155)
	at org.apache.maven.surefire.booter.ForkedBooter.runSuitesInProcess(ForkedBooter.java:385)
	at org.apache.maven.surefire.booter.ForkedBooter.execute(ForkedBooter.java:162)
	at org.apache.maven.surefire.booter.ForkedBooter.run(ForkedBooter.java:507)
	at org.apache.maven.surefire.booter.ForkedBooter.main(ForkedBooter.java:495)
Caused by: java.io.IOException: Error while instrumenting java/sql/Clob with JaCoCo 0.8.8.202204050719/5dcf34a.
	at org.jacoco.agent.rt.internal_b6258fc.core.instr.Instrumenter.instrumentError(Instrumenter.java:161)
	at org.jacoco.agent.rt.internal_b6258fc.core.instr.Instrumenter.instrument(Instrumenter.java:111)
	at org.jacoco.agent.rt.internal_b6258fc.CoverageTransformer.transform(CoverageTransformer.java:92)
	... 46 more
Caused by: java.lang.IllegalArgumentException: Unsupported class file major version 68
	at org.jacoco.agent.rt.internal_b6258fc.asm.ClassReader.<init>(ClassReader.java:199)
	at org.jacoco.agent.rt.internal_b6258fc.asm.ClassReader.<init>(ClassReader.java:180)
	at org.jacoco.agent.rt.internal_b6258fc.asm.ClassReader.<init>(ClassReader.java:166)
	at org.jacoco.agent.rt.internal_b6258fc.core.internal.instr.InstrSupport.classReaderFor(InstrSupport.java:280)
	at org.jacoco.agent.rt.internal_b6258fc.core.instr.Instrumenter.instrument(Instrumenter.java:77)
	at org.jacoco.agent.rt.internal_b6258fc.core.instr.Instrumenter.instrument(Instrumenter.java:109)
	... 47 more
[INFO] Tests run: 4, Failures: 0, Errors: 0, Skipped: 0, Time elapsed: 0.838 s -- in iped.parsers.browsers.firefox.FirefoxSqliteParserTest
[INFO] 
[INFO] Results:
[INFO] 
[INFO] Tests run: 4, Failures: 0, Errors: 0, Skipped: 0
[INFO] 
[INFO] 
[INFO] --- jacoco:0.8.8:report (generate-code-coverage-report) @ iped-parsers-impl ---
[INFO] Loading execution data file /private/tmp/iped-firefox-pr/iped-parsers/iped-parsers-impl/target/jacoco.exec
[INFO] Analyzed bundle 'iped-parsers-impl' with 564 classes
[INFO] ------------------------------------------------------------------------
[INFO] Reactor Summary:
[INFO] 
[INFO] iped-parent 4.4.0-SNAPSHOT ......................... SUCCESS [  0.000 s]
[INFO] iped-api 4.4.0-SNAPSHOT ............................ SUCCESS [  1.595 s]
[INFO] iped-utils 4.4.0-SNAPSHOT .......................... SUCCESS [  0.303 s]
[INFO] iped-parsers 4.4.0-SNAPSHOT ........................ SUCCESS [  0.000 s]
[INFO] java-dbf 1.0-patched ............................... SUCCESS [  0.013 s]
[INFO] iped-parsers-impl 4.4.0-SNAPSHOT ................... SUCCESS [ 15.168 s]
[INFO] ------------------------------------------------------------------------
[INFO] BUILD SUCCESS
[INFO] ------------------------------------------------------------------------
[INFO] Total time:  17.216 s
[INFO] Finished at: 2026-09-12T17:23:54+02:00
[INFO] ------------------------------------------------------------------------
